,START_DATE,END_DATE,CATEGORY,START,STOP,MILES,PURPOSE
0,1/1/2016 21:11,1/1/2016 21:17,Business,Fort Pierce,Fort Pierce,5.1,Meal/Entertain
1,1/2/2016 1:25,1/2/2016 1:37,Business,Fort Pierce,Fort Pierce,5,Miscellaneous
2,1/2/2016 20:25,1/2/2016 20:38,Business,Fort Pierce,Fort Pierce,4.8,Errand/Supplies
3,1/5/2016 17:31,1/5/2016 17:45,Business,Fort Pierce,Fort Pierce,4.7,Meeting
4,1/6/2016 14:42,1/6/2016 15:49,Business,Fort Pierce,West Palm Beach,63.7,Customer Visit
5,1/6/2016 17:15,1/6/2016 17:19,Business,West Palm Beach,West Palm Beach,4.3,Meal/Entertain
6,1/6/2016 17:30,1/6/2016 17:35,Business,West Palm Beach,Palm Beach,7.1,Meeting
7,1/7/2016 13:27,1/7/2016 13:33,Business,Cary,Cary,0.8,Meeting
8,1/10/2016 8:05,1/10/2016 8:25,Business,Cary,Morrisville,8.3,Meeting
9,1/10/2016 12:17,1/10/2016 12:44,Business,Jamaica,New York,16.5,Customer Visit
10,1/10/2016 15:08,1/10/2016 15:51,Business,New York,Queens,10.8,Meeting
11,1/10/2016 18:18,1/10/2016 18:53,Business,Elmhurst,New York,7.5,Meeting
12,1/10/2016 19:12,1/10/2016 19:32,Business,Midtown,East Harlem,6.2,Meeting
13,1/11/2016 8:55,1/11/2016 9:21,Business,East Harlem,NoMad,6.4,Temporary Site
14,1/11/2016 11:56,1/11/2016 12:03,Business,Flatiron District,Midtown,1.6,Errand/Supplies
15,1/11/2016 13:32,1/11/2016 13:46,Business,Midtown,Midtown East,1.7,Meal/Entertain
16,1/11/2016 14:30,1/11/2016 14:43,Business,Midtown East,Midtown,1.9,Meal/Entertain
17,1/12/2016 12:33,1/12/2016 12:49,Business,Midtown,Hudson Square,1.9,Meal/Entertain
18,1/12/2016 12:53,1/12/2016 13:09,Business,Hudson Square,Lower Manhattan,4,Meal/Entertain
19,1/12/2016 14:42,1/12/2016 14:56,Business,Lower Manhattan,Hudson Square,1.8,Errand/Supplies
20,1/12/2016 15:13,1/12/2016 15:28,Business,Hudson Square,Hell's Kitchen,2.4,Customer Visit
21,1/12/2016 15:42,1/12/2016 15:54,Business,Hell's Kitchen,Midtown,2,Errand/Supplies
22,1/12/2016 16:02,1/12/2016 17:00,Business,New York,Queens County,15.1,Meeting
23,1/13/2016 13:54,1/13/2016 14:07,Business,Downtown,Gulfton,11.2,Meeting
24,1/13/2016 15:00,1/13/2016 15:28,Business,Gulfton,Downtown,11.8,Meeting
25,1/14/2016 16:29,1/14/2016 17:05,Business,Houston,Houston,21.9,Customer Visit
26,1/14/2016 21:39,1/14/2016 21:45,Business,Eagan Park,Jamestown Court,3.9,Errand/Supplies
27,1/15/2016 0:41,1/15/2016 1:01,Business,Morrisville,Cary,8,Errand/Supplies
28,1/15/2016 11:43,1/15/2016 12:03,Business,Cary,Durham,10.4,Meal/Entertain
29,1/15/2016 13:26,1/15/2016 13:44,Business,Durham,Cary,10.4,Meal/Entertain
30,1/18/2016 14:55,1/18/2016 15:06,Business,Cary,Cary,4.8,Meal/Entertain
31,1/18/2016 16:13,1/18/2016 16:24,Business,Farmington Woods,Whitebridge,4.7,Meal/Entertain
32,1/19/2016 9:09,1/19/2016 9:23,Business,Whitebridge,Lake Wellingborough,7.2,Miscellaneous
33,1/19/2016 10:55,1/19/2016 11:09,Business,Lake Wellingborough,Whitebridge,7.6,Temporary Site
34,1/20/2016 10:36,1/20/2016 11:11,Business,Cary,Raleigh,17.1,Meeting
35,1/20/2016 11:48,1/20/2016 12:19,Business,Fayetteville Street,Umstead,15.1,Meeting
36,1/20/2016 13:25,1/20/2016 14:19,Business,Raleigh,Cary,40.2,Customer Visit
37,1/21/2016 14:25,1/21/2016 14:29,Business,Cary,Cary,1.6,Errand/Supplies
38,1/21/2016 14:43,1/21/2016 14:51,Business,Cary,Cary,2.4,Meal/Entertain
39,1/21/2016 16:01,1/21/2016 16:06,Business,Cary,Cary,1,Meal/Entertain
40,1/26/2016 10:41,1/26/2016 10:50,Business,Whitebridge,Hazelwood,2,Meal/Entertain
41,1/26/2016 12:33,1/26/2016 12:41,Business,Hazelwood,Whitebridge,2.3,Errand/Supplies
42,1/26/2016 16:24,1/26/2016 16:32,Business,Whitebridge,Westpark Place,1.9,Errand/Supplies
43,1/26/2016 17:17,1/26/2016 17:22,Business,Cary,Cary,1.4,Errand/Supplies
44,1/26/2016 17:27,1/26/2016 17:29,Business,Cary,Cary,0.5,Errand/Supplies
45,1/27/2016 9:24,1/27/2016 9:31,Business,Cary,Cary,1.8,Meeting
46,1/27/2016 10:19,1/27/2016 10:48,Business,Cary,Raleigh,18.7,Customer Visit
47,1/27/2016 12:34,1/27/2016 12:44,Business,Fairmont,Meredith Townes,3.4,Customer Visit
48,1/27/2016 14:05,1/27/2016 14:13,Business,Raleigh,Raleigh,2.7,Customer Visit
49,1/27/2016 14:46,1/27/2016 15:08,Business,Raleigh,Cary,12.9,Customer Visit
50,1/28/2016 12:28,1/28/2016 13:00,Business,Cary,Raleigh,19,Temporary Site
51,1/28/2016 15:11,1/28/2016 15:31,Business,Meredith Townes,Leesville Hollow,14.7,Meeting
52,1/28/2016 16:21,1/28/2016 16:51,Business,Raleigh,Cary,15.7,Meeting
53,1/29/2016 9:31,1/29/2016 9:45,Business,Cary,Cary,4.6,Customer Visit
54,1/29/2016 10:56,1/29/2016 11:07,Business,Cary,Cary,5.2,Meeting
55,1/29/2016 11:43,1/29/2016 12:03,Business,Cary,Durham,10.4,Meeting
56,1/29/2016 13:24,1/29/2016 13:47,Business,Durham,Cary,10.1,Meeting
57,1/29/2016 18:31,1/29/2016 18:52,Business,Cary,Apex,5.8,Errand/Supplies
58,1/29/2016 21:21,1/29/2016 21:40,Business,Apex,Cary,5.5,Meal/Entertain
59,1/30/2016 16:21,1/30/2016 16:33,Business,Cary,Apex,5.7,Errand/Supplies
60,1/30/2016 18:09,1/30/2016 18:24,Business,Apex,Cary,5.7,Customer Visit
61,2/1/2016 10:35,2/1/2016 11:15,Business,Cary,Chapel Hill,19.4,Customer Visit
62,2/1/2016 12:10,2/1/2016 12:43,Business,Chapel Hill,Cary,23.3,Customer Visit
63,2/1/2016 12:56,2/1/2016 13:07,Business,Northwoods,Whitebridge,3.9,Meal/Entertain
64,2/2/2016 13:04,2/2/2016 13:23,Business,Whitebridge,Williamsburg Manor,8.3,Meeting
65,2/2/2016 13:51,2/2/2016 14:06,Business,Cary,Cary,6,Errand/Supplies
66,2/2/2016 14:38,2/2/2016 14:42,Business,Cary,Cary,1.6,Errand/Supplies
67,2/4/2016 8:40,2/4/2016 9:01,Business,Cary,Morrisville,5.2,Errand/Supplies
68,2/4/2016 9:37,2/4/2016 10:09,Business,Morrisville,Cary,9.7,Meal/Entertain
69,2/4/2016 10:26,2/4/2016 10:32,Business,Cary,Cary,1.6,Meal/Entertain
70,2/4/2016 15:59,2/4/2016 16:03,Business,Cary,Cary,1.1,Meal/Entertain
71,2/4/2016 16:35,2/4/2016 16:39,Business,Cary,Cary,1.6,Meal/Entertain
72,2/4/2016 18:04,2/4/2016 18:31,Business,Whitebridge,Macgregor Downs,9,Meeting
73,2/4/2016 20:36,2/4/2016 20:55,Business,Cary,Cary,7.7,Meeting
74,2/5/2016 11:47,2/5/2016 12:07,Business,Cary,Durham,10.4,Meeting
75,2/5/2016 13:22,2/5/2016 13:41,Business,Durham,Cary,10.4,Meeting
76,2/6/2016 16:20,2/6/2016 16:53,Business,Cary,Raleigh,11.4,Between Offices
77,2/6/2016 18:57,2/6/2016 19:21,Business,Raleigh,Cary,9,Errand/Supplies
78,2/6/2016 19:28,2/6/2016 19:37,Business,Edgehill Farms,Whitebridge,3.2,Meal/Entertain
79,2/7/2016 16:49,2/7/2016 17:01,Business,Cary,Apex,5.6,Errand/Supplies
80,2/7/2016 18:03,2/7/2016 18:17,Business,Apex,Cary,5.7,Customer Visit
81,2/7/2016 18:39,2/7/2016 18:53,Business,Cary,Morrisville,6.1,Temporary Site
82,2/7/2016 20:22,2/7/2016 20:40,Business,Morrisville,Cary,6.1,Meeting
83,2/8/2016 12:57,2/8/2016 13:08,Business,Whitebridge,Edgehill Farms,4.3,Meal/Entertain
84,2/8/2016 14:00,2/8/2016 14:10,Business,Edgehill Farms,Whitebridge,2.7,Meal/Entertain
85,2/9/2016 10:54,2/9/2016 11:07,Personal,Whitebridge,Northwoods,5.3,Miscellaneous
86,2/9/2016 11:43,2/9/2016 11:50,Personal,Northwoods,Tanglewood,3,Miscellaneous
87,2/9/2016 13:36,2/9/2016 13:52,Personal,Tanglewood,Preston,5.1,Miscellaneous
88,2/9/2016 13:58,2/9/2016 14:02,Personal,Preston,Whitebridge,1.5,Miscellaneous
89,2/9/2016 18:55,2/9/2016 19:11,Business,Cary,Morrisville,6.1,Miscellaneous
90,2/9/2016 20:24,2/9/2016 20:40,Business,Morrisville,Cary,6.1,Meal/Entertain
91,2/11/2016 16:28,2/11/2016 17:10,Business,Cary,Raleigh,17.3,Meal/Entertain
92,2/11/2016 17:49,2/11/2016 18:10,Business,Eastgate,Walnut Terrace,5.7,Meal/Entertain
93,2/11/2016 18:24,2/11/2016 18:46,Business,Raleigh,Morrisville,13.5,Temporary Site
94,2/11/2016 20:36,2/11/2016 20:51,Business,Morrisville,Cary,6.1,Temporary Site
95,2/12/2016 8:21,2/12/2016 8:42,Business,Cary,Durham,8.5,Temporary Site
96,2/12/2016 10:45,2/12/2016 10:52,Business,Durham,Morrisville,2.6,Temporary Site
97,2/12/2016 11:14,2/12/2016 11:35,Business,Morrisville,Raleigh,17,Customer Visit
98,2/12/2016 13:02,2/12/2016 13:36,Business,Raleigh,Cary,18,Meeting
99,2/12/2016 14:49,2/12/2016 15:06,Business,Cary,Morrisville,8.4,Meeting
100,2/12/2016 15:33,2/12/2016 16:06,Business,Morrisville,Cary,11.5,Customer Visit
101,2/13/2016 14:21,2/13/2016 14:41,Business,Cary,Morrisville,8.9,Meeting
102,2/13/2016 23:45,2/14/2016 0:01,Personal,East Elmhurst,Jackson Heights,2.7,Miscellaneous
103,2/14/2016 0:50,2/14/2016 1:00,Personal,Jackson Heights,East Elmhurst,1.8,Miscellaneous
104,2/14/2016 14:07,2/14/2016 14:40,Business,East Elmhurst,New York,8.1,Meeting
105,2/14/2016 14:46,2/14/2016 15:03,Business,Midtown,Midtown West,2,Meeting
106,2/14/2016 16:35,2/14/2016 17:02,Business,New York,Long Island City,13,Meeting
107,2/14/2016 17:06,2/14/2016 17:29,Business,Long Island City,Jamaica,13.9,Meeting
108,2/16/2016 3:21,2/16/2016 4:13,Business,Katunayaka,Unknown Location,43.7,Customer Visit
109,2/16/2016 8:29,2/16/2016 9:34,Business,Unknown Location,Colombo,14.1,Miscellaneous
110,2/16/2016 10:31,2/16/2016 10:41,Business,Colombo,Colombo,2.6,Miscellaneous
111,2/16/2016 11:32,2/16/2016 12:02,Business,Colombo,Colombo,4.5,Miscellaneous
112,2/16/2016 12:39,2/16/2016 12:42,Business,Colombo,Colombo,1.7,Miscellaneous
113,2/16/2016 13:43,2/16/2016 13:55,Business,Colombo,Colombo,1.8,Temporary Site
114,2/16/2016 16:34,2/16/2016 17:10,Business,Colombo,Colombo,6,Miscellaneous
115,2/16/2016 17:17,2/16/2016 17:26,Business,Colombo,Nugegoda,1.1,Meal/Entertain
116,2/16/2016 17:40,2/16/2016 17:44,Business,Nugegoda,Unknown Location,3.6,Errand/Supplies
117,2/17/2016 13:18,2/17/2016 14:04,Business,Unknown Location,Colombo,14.7,Temporary Site
118,2/17/2016 15:17,2/17/2016 15:22,Business,Colombo,Colombo,1.7,Meal/Entertain
119,2/17/2016 15:33,2/17/2016 16:17,Business,Colombo,Katunayaka,21.4,Temporary Site
120,2/17/2016 16:38,2/17/2016 16:43,Business,Katunayaka,Katunayaka,0.5,Errand/Supplies
121,2/18/2016 8:19,2/18/2016 8:27,Business,Unknown Location,Unknown Location,23.5,Temporary Site
122,2/18/2016 14:03,2/18/2016 14:45,Business,Unknown Location,Islamabad,12.7,Temporary Site
123,2/18/2016 15:16,2/18/2016 15:31,Business,Islamabad,Unknown Location,6,Temporary Site
124,2/18/2016 18:44,2/18/2016 18:58,Business,Unknown Location,Islamabad,5.2,Customer Visit
125,2/18/2016 19:27,2/18/2016 20:08,Business,Islamabad,Unknown Location,10,Meeting
126,2/19/2016 9:02,2/19/2016 9:14,Business,Unknown Location,Unknown Location,18.3,Meeting
127,2/19/2016 9:21,2/19/2016 9:51,Business,Unknown Location,Unknown Location,11.2,Meeting
128,2/19/2016 10:21,2/19/2016 10:48,Business,Unknown Location,Islamabad,7.6,Meeting
129,2/19/2016 11:20,2/19/2016 11:26,Personal,Islamabad,Islamabad,1.5,Miscellaneous
130,2/19/2016 11:45,2/19/2016 11:50,Personal,Islamabad,Islamabad,1,Miscellaneous
131,2/19/2016 12:09,2/19/2016 12:27,Business,Islamabad,Unknown Location,7.3,Temporary Site
132,2/19/2016 16:26,2/19/2016 16:45,Business,Unknown Location,Islamabad,3.5,Miscellaneous
133,2/19/2016 17:09,2/19/2016 17:20,Business,Islamabad,Islamabad,4.2,Miscellaneous
134,2/19/2016 20:08,2/19/2016 20:30,Personal,Islamabad,Unknown Location,13.6,Miscellaneous
135,2/19/2016 20:34,2/19/2016 20:51,Personal,Unknown Location,Unknown Location,2.5,Miscellaneous
136,2/20/2016 7:59,2/20/2016 8:32,Personal,Unknown Location,Islamabad,14.4,Miscellaneous
137,2/20/2016 10:48,2/20/2016 10:56,Personal,Islamabad,Islamabad,3,Miscellaneous
138,2/20/2016 11:45,2/20/2016 11:53,Personal,Islamabad,Islamabad,1.5,Miscellaneous
139,2/20/2016 12:41,2/20/2016 13:17,Business,Islamabad,Rawalpindi,18.4,Miscellaneous
140,2/20/2016 14:50,2/20/2016 15:54,Business,Rawalpindi,Rawalpindi,23.1,Meeting
141,2/20/2016 16:59,2/20/2016 17:54,Personal,Rawalpindi,Unknown Location,16.5,Miscellaneous
142,2/20/2016 18:00,2/20/2016 18:03,Business,Unknown Location,Unknown Location,3.2,Errand/Supplies
143,2/20/2016 19:28,2/20/2016 19:49,Business,Unknown Location,Unknown Location,7.7,Errand/Supplies
144,2/21/2016 9:07,2/21/2016 9:46,Business,Unknown Location,Islamabad,14.5,Miscellaneous
145,2/21/2016 11:39,2/21/2016 11:43,Business,Unknown Location,Islamabad,2.4,Errand/Supplies
146,2/21/2016 11:47,2/21/2016 12:01,Business,Islamabad,Islamabad,4.6,Errand/Supplies
147,2/21/2016 12:13,2/21/2016 12:35,Business,Islamabad,Unknown Location,8.8,Meal/Entertain
148,2/21/2016 12:51,2/21/2016 13:12,Business,Unknown Location,Unknown Location,8.3,Temporary Site
149,2/21/2016 13:33,2/21/2016 14:30,Business,Unknown Location,Unknown Location,22.7,Temporary Site
150,2/21/2016 14:36,2/21/2016 15:03,Business,Unknown Location,Islamabad,13,Temporary Site
151,2/21/2016 15:14,2/21/2016 15:31,Business,Islamabad,Noorpur Shahan,8.1,Temporary Site
152,2/21/2016 15:36,2/21/2016 15:41,Business,Noorpur Shahan,Unknown Location,2.2,Meal/Entertain
153,2/21/2016 16:04,2/21/2016 16:32,Business,Unknown Location,Unknown Location,9.7,Miscellaneous
154,2/21/2016 23:15,2/21/2016 23:52,Business,Unknown Location,Rawalpindi,20,Meeting
155,2/22/2016 21:54,2/22/2016 22:09,Business,Morrisville,Cary,8.1,Customer Visit
156,2/24/2016 14:30,2/24/2016 14:35,Business,Whitebridge,Preston,1.5,Miscellaneous
157,2/24/2016 15:19,2/24/2016 15:25,Business,Preston,Whitebridge,1.7,Errand/Supplies
158,2/25/2016 16:27,2/25/2016 16:35,Business,Whitebridge,Heritage Pines,3.1,Errand/Supplies
159,2/25/2016 16:47,2/25/2016 17:02,Business,Heritage Pines,Whitebridge,3.2,Errand/Supplies
160,2/25/2016 17:16,2/25/2016 17:36,Business,Whitebridge,Tanglewood,6,Meal/Entertain
161,2/25/2016 18:22,2/25/2016 18:39,Business,Tanglewood,Whitebridge,5.8,Meal/Entertain
162,2/26/2016 9:06,2/26/2016 9:29,Business,Whitebridge,Westpark Place,6.3,Miscellaneous
163,2/26/2016 11:05,2/26/2016 11:11,Personal,Westpark Place,Whitebridge,1.7,Miscellaneous
164,2/26/2016 11:35,2/26/2016 11:59,Business,Cary,Durham,10.6,Meeting
165,2/26/2016 13:01,2/26/2016 13:24,Business,Durham,Cary,9.9,Meeting
166,2/26/2016 14:38,2/26/2016 14:46,Personal,Whitebridge,Westpark Place,1.9,Miscellaneous
167,2/26/2016 15:00,2/26/2016 15:18,Personal,Westpark Place,Hazelwood,4.2,Miscellaneous
168,2/26/2016 17:01,2/26/2016 17:12,Personal,Hazelwood,Whitebridge,2,Miscellaneous
169,2/28/2016 5:22,2/28/2016 5:38,Business,Whitebridge,Waverly Place,7.7,Meeting
170,2/28/2016 9:26,2/28/2016 9:42,Business,Waverly Place,Whitebridge,6.8,Meeting
171,2/29/2016 11:07,2/29/2016 11:14,Personal,Whitebridge,Westpark Place,2.1,Miscellaneous
172,2/29/2016 11:30,2/29/2016 11:40,Business,Cary,Apex,3.8,Meeting
173,2/29/2016 12:36,2/29/2016 12:48,Business,Apex,Cary,5.6,Meeting
174,2/29/2016 14:55,2/29/2016 15:03,Business,Whitebridge,Hazelwood,2.6,Miscellaneous
175,2/29/2016 16:40,2/29/2016 17:00,Business,Hazelwood,Whitebridge,6.6,Customer Visit
176,3/1/2016 18:47,3/1/2016 19:10,Business,Whitebridge,Wayne Ridge,8,Meal/Entertain
177,3/1/2016 21:27,3/1/2016 21:45,Business,Wayne Ridge,Whitebridge,8,Meeting
178,3/3/2016 9:45,3/3/2016 9:52,Personal,Whitebridge,Westpark Place,2.2,Miscellaneous
179,3/3/2016 11:04,3/3/2016 11:10,Business,Westpark Place,Whitebridge,2.3,Errand/Supplies
180,3/3/2016 14:44,3/3/2016 14:58,Business,Whitebridge,Northwoods,5.2,Meal/Entertain
181,3/3/2016 15:27,3/3/2016 15:48,Business,Cary,Raleigh,7.6,Customer Visit
182,3/3/2016 16:02,3/3/2016 16:42,Business,Raleigh,Cary,17.3,Meeting
183,3/4/2016 7:47,3/4/2016 8:06,Business,Cary,Durham,9.9,Meeting
184,3/4/2016 9:46,3/4/2016 10:03,Business,Durham,Cary,9.9,Customer Visit
185,3/4/2016 11:46,3/4/2016 12:06,Business,Cary,Durham,10.4,Meeting
186,3/4/2016 13:03,3/4/2016 13:25,Business,Durham,Cary,10.9,Meeting
187,3/4/2016 13:40,3/4/2016 14:09,Business,Cary,Raleigh,15.7,Customer Visit
188,3/4/2016 15:56,3/4/2016 16:08,Business,Raleigh,Raleigh,4.9,Meal/Entertain
189,3/4/2016 16:16,3/4/2016 16:22,Business,Fayetteville Street,Depot Historic District,0.8,Errand/Supplies
190,3/4/2016 16:43,3/4/2016 17:12,Business,Raleigh,Cary,13.5,Meeting
191,3/4/2016 19:02,3/4/2016 19:08,Business,Cary,Morrisville,1.9,Temporary Site
192,3/4/2016 19:16,3/4/2016 19:25,Business,Morrisville,Cary,2,Meal/Entertain
193,3/5/2016 11:44,3/5/2016 11:59,Business,Cary,Morrisville,6.5,Meal/Entertain
194,3/5/2016 12:57,3/5/2016 13:12,Personal,Weston,Weston,4.2,Miscellaneous
195,3/5/2016 14:08,3/5/2016 14:18,Personal,Morrisville,Cary,3.5,Miscellaneous
196,3/5/2016 14:39,3/5/2016 15:01,Business,Whitebridge,Wayne Ridge,7.8,Meal/Entertain
197,3/5/2016 16:52,3/5/2016 17:13,Business,Cary,Morrisville,7.8,Meal/Entertain
198,3/5/2016 17:23,3/5/2016 17:34,Business,Morrisville,Cary,3.9,Meal/Entertain
199,3/7/2016 9:10,3/7/2016 9:20,Business,Whitebridge,Edgehill Farms,2.8,Errand/Supplies
200,3/7/2016 9:23,3/7/2016 9:47,Business,Cary,Raleigh,12.4,Customer Visit
201,3/7/2016 12:10,3/7/2016 12:26,Business,Fayetteville Street,Meredith Townes,5.9,Customer Visit
202,3/7/2016 13:57,3/7/2016 14:18,Business,Meredith Townes,Leesville Hollow,9.4,Meeting
203,3/7/2016 15:19,3/7/2016 15:45,Business,Raleigh,Cary,11.9,Between Offices
204,3/8/2016 14:38,3/8/2016 14:55,Business,Whitebridge,Waverly Place,7.2,Between Offices
205,3/8/2016 15:35,3/8/2016 16:00,Business,Waverly Place,Whitebridge,7.6,Meal/Entertain
206,3/8/2016 16:13,3/8/2016 16:25,Personal,Whitebridge,Whitebridge,1.6,Miscellaneous
207,3/10/2016 3:36,3/10/2016 3:53,Business,Cary,Morrisville,8.4,Meeting
208,3/10/2016 10:08,3/10/2016 10:37,Business,East Austin,West University,12.8,Meeting
209,3/10/2016 14:39,3/10/2016 14:55,Business,West University,South Congress,2.3,Miscellaneous
210,3/10/2016 16:18,3/10/2016 16:28,Business,South Congress,Arts District,1.6,Miscellaneous
211,3/11/2016 9:47,3/11/2016 9:59,Business,The Drag,Congress Ave District,2,Meal/Entertain
212,3/11/2016 10:29,3/11/2016 10:36,Business,Congress Ave District,Downtown,0.8,Miscellaneous
213,3/11/2016 11:57,3/11/2016 12:04,Business,Downtown,Red River District,1.2,Miscellaneous
214,3/11/2016 13:43,3/11/2016 13:51,Business,Red River District,Downtown,1,Miscellaneous
215,3/11/2016 19:21,3/11/2016 19:35,Business,South Congress,The Drag,2.1,Miscellaneous
216,3/12/2016 9:13,3/12/2016 9:22,Business,The Drag,South Congress,2.2,Miscellaneous
217,3/12/2016 18:27,3/12/2016 18:37,Personal,South Congress,The Drag,1.9,Miscellaneous
218,3/13/2016 9:07,3/13/2016 9:37,Business,The Drag,Convention Center District,5.7,Meal/Entertain
219,3/13/2016 18:23,3/13/2016 18:43,Business,South Congress,North Austin,8.4,Meal/Entertain
220,3/13/2016 20:07,3/13/2016 20:28,Business,Georgian Acres,The Drag,6.2,Meal/Entertain
221,3/13/2016 20:39,3/13/2016 20:58,Business,The Drag,North Austin,10.5,Meal/Entertain
222,3/13/2016 21:11,3/13/2016 21:23,Business,North Austin,Coxville,7.2,Meal/Entertain
223,3/13/2016 22:19,3/13/2016 22:39,Business,Coxville,The Drag,12.5,Miscellaneous
224,3/14/2016 8:34,3/14/2016 8:49,Business,The Drag,South Congress,2,Errand/Supplies
225,3/14/2016 18:39,3/14/2016 18:55,Business,South Congress,The Drag,2.7,Miscellaneous
226,3/15/2016 8:45,3/15/2016 8:57,Business,The Drag,Convention Center District,2,Meal/Entertain
227,3/15/2016 20:48,3/15/2016 21:01,Business,Downtown,The Drag,2.8,Meal/Entertain
228,3/16/2016 11:34,3/16/2016 11:45,Business,The Drag,Congress Ave District,1.7,Meal/Entertain
229,3/16/2016 14:44,3/16/2016 14:55,Business,Convention Center District,West University,2,Miscellaneous
230,3/16/2016 18:43,3/16/2016 18:56,Business,West University,Congress Ave District,2.1,Meal/Entertain
231,3/17/2016 0:33,3/17/2016 0:44,Personal,Downtown,The Drag,1.7,Miscellaneous
232,3/17/2016 12:52,3/17/2016 15:11,Business,Austin,Katy,136,Customer Visit
233,3/17/2016 15:16,3/17/2016 15:58,Business,Katy,Houston,30.2,Meeting
234,3/17/2016 17:20,3/17/2016 18:02,Business,Midtown,Alief,15.5,Meal/Entertain
235,3/17/2016 18:47,3/17/2016 19:09,Personal,Houston,Houston,4.9,Miscellaneous
236,3/17/2016 20:57,3/17/2016 21:28,Personal,Houston,Houston,12.6,Miscellaneous
237,3/17/2016 21:48,3/17/2016 22:04,Personal,Sharpstown,Midtown,10.4,Miscellaneous
238,3/18/2016 7:15,3/18/2016 7:21,Business,Midtown,Midtown,1.1,Meal/Entertain
239,3/18/2016 8:35,3/18/2016 8:43,Business,Midtown,Midtown,1.1,Meal/Entertain
240,3/18/2016 18:24,3/18/2016 19:08,Business,Midtown,Sharpstown,13.2,Meeting
241,3/18/2016 19:23,3/18/2016 19:29,Business,Sharpstown,Sharpstown,1,Errand/Supplies
242,3/18/2016 21:01,3/18/2016 21:15,Business,Sharpstown,Midtown,9.2,Customer Visit
243,3/19/2016 9:10,3/19/2016 9:25,Business,Midtown,Sharpstown,9.4,Meal/Entertain
244,3/19/2016 12:50,3/19/2016 13:13,Business,Houston,Sugar Land,12,Customer Visit
245,3/19/2016 14:01,3/19/2016 14:57,Business,Sugar Land,Houston,35.1,Customer Visit
246,3/19/2016 15:34,3/19/2016 16:38,Business,Houston,Galveston,36.5,Meal/Entertain
247,3/19/2016 17:17,3/19/2016 17:32,Business,Galveston,Port Bolivar,3.1,Meal/Entertain
248,3/19/2016 17:37,3/19/2016 17:47,Business,Port Bolivar,Port Bolivar,2.1,Errand/Supplies
249,3/19/2016 17:52,3/19/2016 18:00,Business,Port Bolivar,Port Bolivar,1.2,Miscellaneous
250,3/19/2016 18:53,3/19/2016 19:29,Business,Port Bolivar,Galveston,7.5,Meeting
251,3/19/2016 19:33,3/19/2016 20:39,Business,Galveston,Houston,57,Customer Visit
252,3/20/2016 7:37,3/20/2016 7:48,Business,Midtown,Washington Avenue,5.9,Meeting
253,3/20/2016 11:42,3/20/2016 11:56,Business,Washington Avenue,Midtown,6.2,Meeting
254,3/20/2016 17:08,3/20/2016 17:34,Business,Midtown,Sharpstown,10.4,Miscellaneous
255,3/20/2016 18:34,3/20/2016 18:40,Personal,Sharpstown,Briar Meadow,1.2,Miscellaneous
256,3/20/2016 18:45,3/20/2016 19:06,Business,Briar Meadow,Midtown,9.6,Customer Visit
257,3/21/2016 10:21,3/21/2016 10:26,Personal,Midtown,Downtown,1,Miscellaneous
258,3/21/2016 16:05,3/21/2016 16:13,Business,Downtown,Midtown,0.9,Meal/Entertain
259,3/21/2016 18:59,3/21/2016 19:15,Business,Midtown,Sharpstown,8.8,Miscellaneous
260,3/21/2016 20:18,3/21/2016 20:55,Business,Sharpstown,Midtown,25.6,Meal/Entertain
261,3/22/2016 6:17,3/22/2016 6:43,Business,Midtown,Greater Greenspoint,23,Meal/Entertain
262,3/22/2016 12:06,3/22/2016 12:24,Personal,Morrisville,Cary,8.1,Miscellaneous
263,3/22/2016 19:12,3/22/2016 19:25,Personal,Whitebridge,Whitebridge,1.4,Miscellaneous
264,3/23/2016 14:37,3/23/2016 14:42,Personal,Whitebridge,Preston,1.7,Miscellaneous
265,3/23/2016 14:53,3/23/2016 14:59,Personal,Preston,Whitebridge,1.6,Miscellaneous
266,3/24/2016 19:47,3/24/2016 19:54,Personal,Whitebridge,Westpark Place,2,Miscellaneous
267,3/24/2016 20:34,3/24/2016 20:40,Business,Westpark Place,Whitebridge,2.2,Miscellaneous
268,3/25/2016 13:24,3/25/2016 16:22,Business,Cary,Latta,144,Customer Visit
269,3/25/2016 16:52,3/25/2016 22:22,Business,Latta,Jacksonville,310.3,Customer Visit
270,3/25/2016 22:54,3/26/2016 1:39,Business,Jacksonville,Kissimmee,201,Meeting
271,3/26/2016 14:05,3/26/2016 14:29,Personal,Couples Glen,Isles of Buena Vista,6.7,Miscellaneous
272,3/26/2016 15:19,3/26/2016 15:49,Personal,Kissimmee,Orlando,8.8,Miscellaneous
273,3/26/2016 16:26,3/26/2016 16:30,Personal,Lake Reams,Lake Reams,1.2,Miscellaneous
274,3/27/2016 0:31,3/27/2016 0:40,Business,Lake Reams,Lake Reams,2.1,Errand/Supplies
275,3/27/2016 1:11,3/27/2016 1:23,Business,Orlando,Kissimmee,6.6,Meal/Entertain
276,3/27/2016 15:31,3/27/2016 15:56,Business,Kissimmee,Orlando,6.1,Customer Visit
277,3/27/2016 21:26,3/27/2016 21:41,Personal,Orlando,Orlando,6.9,Miscellaneous
278,3/27/2016 23:04,3/27/2016 23:18,Personal,Orlando,Kissimmee,7.3,Miscellaneous
279,3/28/2016 12:29,3/28/2016 12:42,Personal,Kissimmee,Orlando,3.6,Miscellaneous
280,3/28/2016 19:30,3/28/2016 20:23,Personal,Couples Glen,Vista East,27.2,Miscellaneous
281,3/28/2016 22:55,3/28/2016 23:26,Personal,Orlando,Kissimmee,25.7,Miscellaneous
282,3/29/2016 15:27,3/29/2016 16:11,Personal,Kissimmee,Orlando,13.6,Miscellaneous
283,3/29/2016 18:20,3/29/2016 18:39,Personal,Sand Lake Commons,Sky Lake,6.2,Miscellaneous
284,3/29/2016 20:29,3/29/2016 20:44,Personal,Sky Lake,Sand Lake Commons,6,Miscellaneous
285,3/29/2016 23:04,3/29/2016 23:21,Personal,Orlando,Kissimmee,13.8,Miscellaneous
286,3/30/2016 22:05,3/30/2016 22:55,Business,Orlando,Kissimmee,28.8,Meal/Entertain
287,3/31/2016 12:47,3/31/2016 13:22,Business,Kissimmee,Orlando,16.1,Temporary Site
288,3/31/2016 14:37,3/31/2016 15:09,Business,Orlando,Kissimmee,16.4,Meal/Entertain
289,4/1/2016 13:43,4/1/2016 14:01,Business,Kissimmee,Kissimmee,11,Meeting
290,4/1/2016 14:36,4/1/2016 15:24,Business,Kissimmee,Orlando,15.5,Customer Visit
291,4/1/2016 16:01,4/1/2016 16:49,Business,Orlando,Kissimmee,20.3,Meeting
292,4/1/2016 16:52,4/1/2016 16:57,Personal,Kissimmee,Kissimmee,0.7,Miscellaneous
293,4/2/2016 8:48,4/2/2016 9:04,Personal,Kissimmee,Kissimmee,5.5,Miscellaneous
294,4/2/2016 11:01,4/2/2016 11:16,Personal,Kissimmee,Kissimmee,5.1,Miscellaneous
295,4/2/2016 12:21,4/2/2016 14:47,Business,Kissimmee,Daytona Beach,77.3,Customer Visit
296,4/2/2016 16:57,4/2/2016 18:09,Business,Daytona Beach,Jacksonville,80.5,Customer Visit
297,4/2/2016 19:38,4/2/2016 22:36,Business,Jacksonville,Ridgeland,174.2,Customer Visit
298,4/2/2016 23:11,4/3/2016 1:34,Business,Ridgeland,Florence,144,Meeting
299,4/3/2016 2:00,4/3/2016 4:16,Business,Florence,Cary,159.3,Meeting
300,4/5/2016 21:39,4/5/2016 21:55,Business,Whitebridge,Wayne Ridge,7.9,Meal/Entertain
301,4/6/2016 0:19,4/6/2016 0:39,Business,Wayne Ridge,Whitebridge,8,Meal/Entertain
302,4/7/2016 18:20,4/7/2016 18:39,Business,Cary,Morrisville,6.1,Meal/Entertain
303,4/7/2016 19:45,4/7/2016 20:00,Business,Morrisville,Cary,6.1,Errand/Supplies
304,4/8/2016 12:30,4/8/2016 12:48,Business,Cary,Durham,10.5,Meeting
305,4/8/2016 13:34,4/8/2016 13:51,Business,Durham,Cary,8.7,Meal/Entertain
306,4/8/2016 13:55,4/8/2016 14:03,Business,Westpark Place,Whitebridge,1.8,Errand/Supplies
307,4/8/2016 14:43,4/8/2016 15:20,Business,Cary,Raleigh,19.1,Meeting
308,4/8/2016 16:05,4/8/2016 16:47,Business,Raleigh,Cary,18.6,Meeting
309,4/12/2016 9:15,4/12/2016 9:26,Business,Whitebridge,Edgehill Farms,2.8,Errand/Supplies
310,4/12/2016 9:34,4/12/2016 9:53,Business,Cary,Raleigh,8.9,Meeting
311,4/12/2016 10:58,4/12/2016 11:18,Business,Meredith,Cedar Hill,7.5,Customer Visit
312,4/12/2016 12:22,4/12/2016 12:44,Business,Raleigh,Morrisville,15.9,Meeting
313,4/12/2016 13:42,4/12/2016 14:01,Business,Morrisville,Cary,6.5,Meal/Entertain
314,4/14/2016 7:29,4/14/2016 8:09,Business,Cary,Holly Springs,15.3,Temporary Site
315,4/14/2016 16:00,4/14/2016 16:43,Business,Holly Springs,Cary,13.7,Temporary Site
316,4/15/2016 11:36,4/15/2016 12:07,Business,Cary,Raleigh,11.9,Temporary Site
317,4/15/2016 12:29,4/15/2016 12:32,Business,Meredith Townes,Harden Place,1.4,Errand/Supplies
318,4/15/2016 14:31,4/15/2016 15:01,Business,Raleigh,Cary,15.2,Meeting
319,4/16/2016 12:59,4/16/2016 13:17,Business,Cary,Morrisville,6,Errand/Supplies
320,4/16/2016 15:10,4/16/2016 15:26,Business,Morrisville,Cary,6.1,Meal/Entertain
321,4/19/2016 17:44,4/19/2016 18:08,Business,Whitebridge,Wayne Ridge,8.2,Meal/Entertain
322,4/19/2016 19:57,4/19/2016 20:19,Business,Wayne Ridge,Whitebridge,8,Meal/Entertain
323,4/22/2016 8:25,4/22/2016 9:04,Business,Cary,Raleigh,13.6,Meeting
324,4/22/2016 10:10,4/22/2016 10:40,Business,Raleigh,Cary,22.5,Meeting
325,4/22/2016 12:08,4/22/2016 12:28,Business,Cary,Durham,10.4,Meeting
326,4/22/2016 13:02,4/22/2016 13:26,Business,Durham,Cary,10,Meeting
327,4/23/2016 17:03,4/23/2016 17:16,Business,Whitebridge,Tanglewood,6,Meal/Entertain
328,4/23/2016 18:49,4/23/2016 19:05,Business,Tanglewood,Whitebridge,6.5,Meal/Entertain
329,4/24/2016 19:07,4/24/2016 19:16,Business,Cary,Morrisville,3.1,Errand/Supplies
330,4/24/2016 19:46,4/24/2016 19:52,Business,Chessington,Chessington,1.9,Errand/Supplies
331,4/24/2016 21:41,4/24/2016 21:50,Business,Morrisville,Cary,4.2,Between Offices
332,4/27/2016 13:30,4/27/2016 13:40,Business,Whitebridge,Burtrose,4.9,Between Offices
333,4/27/2016 14:13,4/27/2016 14:25,Business,Burtrose,Whitebridge,4.8,Between Offices
334,4/28/2016 12:09,4/28/2016 12:34,Business,Cary,Raleigh,12.4,Customer Visit
335,4/28/2016 13:30,4/28/2016 13:49,Business,Raleigh,Cary,32.8,Customer Visit
336,4/28/2016 22:10,4/28/2016 22:28,Business,Morrisville,Cary,5.5,Customer Visit
337,4/29/2016 11:44,4/29/2016 12:01,Business,Cary,Durham,9.9,Meeting
338,4/29/2016 13:13,4/29/2016 13:34,Business,Durham,Cary,10,Meeting
339,4/29/2016 18:46,4/29/2016 19:18,Business,Cary,Durham,14.2,Customer Visit
340,4/29/2016 22:44,4/29/2016 23:19,Business,Durham,Cary,18.2,Meeting
341,4/30/2016 18:42,4/30/2016 18:57,Business,Whitebridge,Waverly Place,7.7,Meal/Entertain
342,4/30/2016 22:16,4/30/2016 22:34,Business,Waverly Place,Whitebridge,6.8,Miscellaneous
343,5/1/2016 13:45,5/1/2016 13:53,Business,Whitebridge,Westpark Place,2.1,Meal/Entertain
344,5/1/2016 14:26,5/1/2016 14:31,Business,Westpark Place,Whitebridge,2.3,Miscellaneous
345,5/1/2016 17:33,5/1/2016 17:45,Business,Whitebridge,Tanglewood,6.2,Between Offices
346,5/1/2016 17:54,5/1/2016 18:10,Business,Tanglewood,Parkway,7.5,Meeting
347,5/1/2016 22:38,5/1/2016 22:49,Business,Parkway,Whitebridge,3.1,Errand/Supplies
348,5/2/2016 14:14,5/2/2016 14:21,Business,Whitebridge,Westpark Place,2.2,Errand/Supplies
349,5/2/2016 15:37,5/2/2016 15:48,Business,Westpark Place,Whitebridge,3.9,Meal/Entertain
350,5/3/2016 22:20,5/3/2016 22:28,Business,Morrisville,Cary,2.5,Meal/Entertain
351,5/4/2016 15:16,5/4/2016 15:37,Business,Cary,Morrisville,8.7,Meal/Entertain
352,5/4/2016 20:55,5/4/2016 21:14,Business,Mcvan,Capitol One,14.5,Errand/Supplies
353,5/4/2016 21:30,5/4/2016 21:36,Business,Capitol One,University District,4.5,Meal/Entertain
354,5/4/2016 22:19,5/4/2016 22:27,Business,University District,Capitol One,5,Meal/Entertain
355,5/5/2016 21:24,5/5/2016 21:36,Business,Seattle,Redmond,14.2,Meal/Entertain
356,5/5/2016 22:34,5/5/2016 22:40,Business,Redmond,Bellevue,2.9,Errand/Supplies
357,5/5/2016 23:55,5/6/2016 0:08,Business,Bellevue,Seattle,12.9,Meeting
358,5/6/2016 5:47,5/6/2016 6:02,Business,Capitol One,Mcvan,14.4,Meeting
359,5/6/2016 16:45,5/6/2016 16:59,Business,Chapel Hill,Morrisville,17,Meeting
360,5/6/2016 17:18,5/6/2016 17:44,Business,Morrisville,Cary,7.9,Customer Visit
361,5/9/2016 6:08,5/9/2016 6:25,Business,Cary,Morrisville,8.4,Customer Visit
362,5/9/2016 14:39,5/9/2016 15:06,Business,San Francisco,Palo Alto,20.5,Between Offices
363,5/9/2016 17:58,5/9/2016 18:26,Business,Palo Alto,Sunnyvale,9.8,Customer Visit
364,5/9/2016 19:35,5/9/2016 19:59,Business,Sunnyvale,Newark,17.6,Customer Visit
365,5/10/2016 9:03,5/10/2016 9:20,Business,Newark,Menlo Park,9.3,Customer Visit
366,5/10/2016 17:19,5/10/2016 17:31,Business,Menlo Park,Newark,7.9,Customer Visit
367,5/11/2016 8:35,5/11/2016 9:12,Business,Newark,San Francisco,25.6,Meeting
368,5/11/2016 21:47,5/11/2016 22:04,Business,Morrisville,Cary,8.1,Meeting
369,5/14/2016 18:35,5/14/2016 18:39,Business,Cary,Morrisville,3.1,Meal/Entertain
370,5/14/2016 23:01,5/14/2016 23:05,Business,Morrisville,Cary,3.1,Meal/Entertain
371,5/17/2016 13:15,5/17/2016 13:23,Business,Whitebridge,Preston,2.8,Errand/Supplies
372,5/17/2016 13:56,5/17/2016 14:08,Business,Preston,Westpark Place,2.7,Errand/Supplies
373,5/17/2016 14:34,5/17/2016 14:40,Business,Westpark Place,Whitebridge,1.9,Errand/Supplies
374,5/18/2016 9:11,5/18/2016 9:41,Business,Cary,Morrisville,8.4,Customer Visit
375,5/18/2016 13:00,5/18/2016 13:02,Business,Morrisville,Raleigh,7.6,Customer Visit
376,5/19/2016 14:37,5/19/2016 15:01,Business,Old City,Parkway Museums,2.9,Meal/Entertain
377,5/20/2016 10:56,5/20/2016 11:07,Business,Old City,Hog Island,11.2,Meeting
378,5/20/2016 15:43,5/20/2016 16:12,Business,Morrisville,Cary,8.2,Meal/Entertain
379,5/22/2016 15:39,5/22/2016 15:46,Business,Cary,Morrisville,3,Meal/Entertain
380,5/22/2016 18:46,5/22/2016 18:53,Business,Morrisville,Cary,2.5,Meal/Entertain
381,5/23/2016 20:19,5/23/2016 20:27,Business,Whitebridge,Savon Height,3.6,Meal/Entertain
382,5/23/2016 21:09,5/23/2016 21:21,Business,Savon Height,Whitebridge,3.6,Errand/Supplies
383,5/27/2016 20:26,5/27/2016 20:30,Business,Whitebridge,Kildaire Farms,4.5,Errand/Supplies
384,5/27/2016 20:47,5/27/2016 20:53,Business,Savon Height,Kilarney Woods,1.2,Miscellaneous
385,5/27/2016 22:11,5/27/2016 22:14,Business,Kilarney Woods,Kildaire Farms,1.7,Errand/Supplies
386,5/28/2016 0:15,5/28/2016 0:21,Business,Kilarney Woods,Whitebridge,4.7,Errand/Supplies
387,5/28/2016 12:52,5/28/2016 13:06,Business,Cary,Morrisville,6.1,Meal/Entertain
388,5/28/2016 14:35,5/28/2016 15:04,Business,Morrisville,Cary,11.3,Customer Visit
389,5/31/2016 13:54,5/31/2016 14:41,Business,Cary,Raleigh,14.9,Meeting
390,5/31/2016 16:02,5/31/2016 16:39,Business,Raleigh,Cary,14,Meeting
391,5/31/2016 17:50,5/31/2016 17:59,Business,Westpark Place,Whitebridge,1.8,Miscellaneous
392,6/1/2016 10:19,6/1/2016 10:47,Business,Cary,Morrisville,6.7,Customer Visit
393,6/1/2016 13:10,6/1/2016 13:39,Business,Morrisville,Cary,9.6,Meeting
394,6/3/2016 11:29,6/3/2016 11:49,Business,Cary,Durham,10.4,Meeting
395,6/3/2016 13:08,6/3/2016 13:38,Business,Durham,Cary,9.9,Meeting
396,6/3/2016 15:31,6/3/2016 15:54,Business,Cary,Morrisville,6,Meal/Entertain
397,6/3/2016 18:14,6/3/2016 18:29,Business,Townes at Everett Crossing,Chessington,3.3,Errand/Supplies
398,6/3/2016 18:41,6/3/2016 18:53,Business,Morrisville,Cary,3.1,Errand/Supplies
399,6/3/2016 19:36,6/3/2016 19:42,Business,Huntington Woods,Weston,1.7,Errand/Supplies
400,6/3/2016 22:47,6/3/2016 23:06,Business,Morrisville,Cary,4,Between Offices
401,6/5/2016 14:03,6/5/2016 14:33,Business,Whitebridge,Savon Height,7.8,Customer Visit
402,6/5/2016 15:06,6/5/2016 15:22,Business,Cary,Morrisville,7.8,Customer Visit
403,6/5/2016 15:57,6/5/2016 16:08,Business,Weston,Weston,3.8,Meal/Entertain
404,6/5/2016 18:05,6/5/2016 18:14,Business,Morrisville,Cary,2.5,Meal/Entertain
405,6/5/2016 21:53,6/5/2016 22:05,Business,Cary,Durham,9.9,Meeting
406,6/5/2016 23:52,6/6/2016 0:08,Business,Durham,Cary,9.9,Meeting
407,6/6/2016 15:36,6/6/2016 15:45,Business,Whitebridge,Hazelwood,3,Errand/Supplies
408,6/6/2016 16:16,6/6/2016 16:24,Business,Hazelwood,Whitebridge,2.4,Errand/Supplies
409,6/6/2016 20:06,6/6/2016 20:20,Business,Cary,Apex,5.7,Meal/Entertain
410,6/6/2016 21:08,6/6/2016 21:37,Business,Apex,Cary,7.2,Meal/Entertain
411,6/6/2016 21:41,6/6/2016 22:00,Business,Cary,Durham,10.4,Meeting
412,6/6/2016 23:34,6/6/2016 23:48,Business,Durham,Cary,9.9,Meeting
413,6/7/2016 21:42,6/7/2016 22:00,Business,Cary,Durham,10.4,Meeting
414,6/7/2016 23:41,6/8/2016 0:04,Business,Durham,Cary,9.9,Meeting
415,6/8/2016 8:23,6/8/2016 8:53,Business,Cary,Morrisville,8.7,Meal/Entertain
416,6/8/2016 12:04,6/8/2016 13:01,Business,Jamaica,New York,22.3,Errand/Supplies
417,6/8/2016 13:12,6/8/2016 13:29,Business,Seaport,Gramercy-Flatiron,3.3,Meal/Entertain
418,6/8/2016 14:31,6/8/2016 14:37,Business,Medical Centre,Tudor City,0.7,Errand/Supplies
419,6/8/2016 16:55,6/8/2016 17:11,Business,Rose Hill,Soho,2.5,Meal/Entertain
420,6/8/2016 17:16,6/8/2016 17:18,Business,Soho,Tribeca,0.5,Errand/Supplies
421,6/8/2016 17:59,6/8/2016 18:05,Business,Tribeca,Financial District,0.9,Errand/Supplies
422,6/8/2016 20:11,6/8/2016 20:25,Business,Financial District,Kips Bay,4.8,Errand/Supplies
423,6/10/2016 15:19,6/10/2016 16:28,Business,New York,Jamaica,16.3,Meeting
424,6/10/2016 21:47,6/10/2016 22:04,Business,Cary,Durham,10.4,Meeting
425,6/10/2016 23:53,6/11/2016 0:01,Business,Durham,Cary,9.9,Meeting
426,6/11/2016 17:08,6/11/2016 17:16,Business,Cary,Morrisville,3.7,Errand/Supplies
427,6/11/2016 17:34,6/11/2016 17:39,Business,Morrisville,Cary,4.6,Meal/Entertain
428,6/11/2016 17:50,6/11/2016 17:56,Business,Westpark Place,Whitebridge,1.7,Miscellaneous
429,6/11/2016 21:45,6/11/2016 22:04,Business,Cary,Durham,10.4,Meeting
430,6/11/2016 23:39,6/12/2016 0:05,Business,Durham,Cary,9.9,Meeting
431,6/12/2016 19:53,6/12/2016 19:56,Business,Cary,Morrisville,2.5,Meal/Entertain
432,6/12/2016 20:05,6/12/2016 20:16,Business,Morrisville,Cary,4.3,Errand/Supplies
433,6/12/2016 21:58,6/12/2016 22:19,Business,Parkway,Whitebridge,2.8,Errand/Supplies
434,6/13/2016 5:23,6/13/2016 5:42,Business,Cary,Morrisville,8.4,Meal/Entertain
435,6/13/2016 14:17,6/13/2016 14:46,Business,Oakland,Emeryville,13.2,Meeting
436,6/13/2016 18:08,6/13/2016 18:47,Business,Emeryville,Berkeley,3.9,Meal/Entertain
437,6/13/2016 18:54,6/13/2016 19:23,Business,Berkeley,Oakland,5.1,Meal/Entertain
438,6/13/2016 20:00,6/13/2016 20:05,Business,Oakland,Unknown Location,5.2,Customer Visit
439,6/14/2016 12:03,6/14/2016 12:21,Business,Emeryville,San Francisco,9.8,Miscellaneous
440,6/14/2016 16:09,6/14/2016 16:39,Business,San Francisco,Emeryville,11.6,Meeting
441,6/14/2016 17:15,6/14/2016 17:24,Business,Emeryville,Oakland,5.1,Meeting
442,6/14/2016 17:27,6/14/2016 17:57,Business,Downtown,Bay Farm Island,9.3,Errand/Supplies
443,6/15/2016 1:46,6/15/2016 2:06,Business,Kenner,New Orleans,12.4,Between Offices
444,6/15/2016 15:26,6/15/2016 15:34,Business,CBD,Lower Garden District,1.9,Between Offices
445,6/15/2016 16:37,6/15/2016 17:02,Business,Lower Garden District,Lakeview,6.4,Customer Visit
446,6/15/2016 17:29,6/15/2016 17:49,Personal,Lakeview,Storyville,5.5,Miscellaneous
447,6/15/2016 19:52,6/15/2016 19:58,Business,Storyville,Faubourg Marigny,1.5,Meal/Entertain
448,6/16/2016 13:36,6/16/2016 14:30,Business,New Orleans,Metairie,14.5,Miscellaneous
449,6/16/2016 14:42,6/16/2016 14:46,Business,Metairie,Kenner,2.7,Miscellaneous
450,6/16/2016 15:17,6/16/2016 15:41,Business,Kenner,New Orleans,15,Miscellaneous
451,6/16/2016 19:39,6/16/2016 19:56,Business,New Orleans,Kenner,12.9,Miscellaneous
452,6/16/2016 21:43,6/16/2016 21:56,Business,Kenner,New Orleans,13.6,Miscellaneous
453,6/17/2016 16:11,6/17/2016 16:44,Business,New Orleans,Kenner,12.2,Miscellaneous
454,6/18/2016 0:29,6/18/2016 0:51,Business,Morrisville,Cary,8.7,Miscellaneous
455,6/19/2016 2:39,6/19/2016 2:50,Business,Cary,Raleigh,6,Miscellaneous
456,6/19/2016 5:51,6/19/2016 6:00,Business,Raleigh,Cary,5.9,Miscellaneous
457,6/21/2016 15:39,6/21/2016 16:08,Business,Cary,Raleigh,19.3,Miscellaneous
458,6/21/2016 17:11,6/21/2016 18:02,Business,Raleigh,Cary,16.6,Meal/Entertain
459,6/24/2016 10:41,6/24/2016 10:57,Business,Whitebridge,Waverly Place,7.1,Meal/Entertain
460,6/24/2016 11:54,6/24/2016 12:01,Business,Waverly Place,Macgregor Downs,2.1,Meal/Entertain
461,6/24/2016 12:19,6/24/2016 12:37,Business,Cary,Raleigh,8.6,Errand/Supplies
462,6/24/2016 12:50,6/24/2016 13:12,Business,Raleigh,Morrisville,9,Errand/Supplies
463,6/24/2016 13:18,6/24/2016 13:27,Business,Morrisville,Cary,3.1,Errand/Supplies
464,6/24/2016 14:01,6/24/2016 14:20,Business,Cary,Morrisville,8.4,Temporary Site
465,6/24/2016 20:44,6/24/2016 21:02,Business,Kenner,New Orleans,12.8,Miscellaneous
466,6/25/2016 9:03,6/25/2016 9:12,Business,CBD,Bywater,4.5,Miscellaneous
467,6/25/2016 9:15,6/25/2016 10:08,Business,New Orleans,Chalmette,11.8,Between Offices
468,6/25/2016 10:18,6/25/2016 10:25,Business,Chalmette,Arabi,1.1,Errand/Supplies
469,6/25/2016 10:50,6/25/2016 11:18,Business,Arabi,Metairie,17,Meal/Entertain
470,6/25/2016 11:25,6/25/2016 11:34,Business,Pontchartrain Shores,Pontchartrain Shores,1.7,Meeting
471,6/25/2016 11:53,6/25/2016 13:21,Business,Metairie,New Orleans,15.5,Meeting
472,6/25/2016 19:47,6/25/2016 19:58,Business,Storyville,Marigny,1.6,Miscellaneous
473,6/25/2016 23:19,6/25/2016 23:26,Business,Marigny,Storyville,1.5,Miscellaneous
474,6/26/2016 17:43,6/26/2016 18:18,Business,New Orleans,Kenner,12.6,Meeting
475,6/26/2016 18:45,6/26/2016 19:12,Business,Pontchartrain Shores,Pontchartrain Shores,4.8,Miscellaneous
476,6/26/2016 19:41,6/26/2016 19:50,Business,Kenner,Kenner,2.2,Miscellaneous
477,6/26/2016 21:14,6/26/2016 21:42,Business,Kenner,New Orleans,13,Miscellaneous
478,6/27/2016 7:37,6/27/2016 8:48,Business,New Orleans,Covington,46.9,Miscellaneous
479,6/27/2016 8:51,6/27/2016 9:00,Business,Covington,Covington,2.5,Miscellaneous
480,6/27/2016 9:05,6/27/2016 9:33,Business,Covington,Covington,8.6,Miscellaneous
481,6/27/2016 9:43,6/27/2016 10:08,Business,Covington,Covington,5.2,Miscellaneous
482,6/27/2016 10:22,6/27/2016 10:39,Business,Covington,Covington,7.6,Miscellaneous
483,6/27/2016 10:51,6/27/2016 10:58,Business,Covington,Covington,1.8,Miscellaneous
484,6/27/2016 11:06,6/27/2016 11:24,Business,Covington,Mandeville,4.7,Miscellaneous
485,6/27/2016 11:30,6/27/2016 11:42,Business,Mandeville,Mandeville,2.8,Miscellaneous
486,6/27/2016 12:22,6/27/2016 13:02,Business,Mandeville,Metairie,30,Miscellaneous
487,6/27/2016 13:56,6/27/2016 14:05,Business,Metairie,Kenner,4.4,Miscellaneous
488,6/27/2016 21:09,6/27/2016 21:19,Business,Jamestown Court,Jamestown Court,1,Miscellaneous
489,6/28/2016 0:48,6/28/2016 1:05,Business,Morrisville,Cary,8.2,Customer Visit
490,6/28/2016 20:13,6/28/2016 20:33,Business,Cary,Durham,10.4,Meeting
491,6/28/2016 23:34,6/28/2016 23:59,Business,Durham,Cary,9.9,Meeting
492,6/28/2016 23:34,6/28/2016 23:59,Business,Durham,Cary,9.9,Meeting
493,6/29/2016 8:56,6/29/2016 9:24,Business,Cary,Morrisville,7.3,Miscellaneous
494,6/29/2016 10:22,6/29/2016 10:38,Business,Morrisville,Cary,7.4,Miscellaneous
495,6/29/2016 11:49,6/29/2016 11:51,Business,Whitebridge,Westpark Place,1.6,Miscellaneous
496,6/29/2016 12:11,6/29/2016 12:16,Business,Westpark Place,Whitebridge,1.8,Miscellaneous
497,6/29/2016 20:11,6/29/2016 20:29,Business,Cary,Durham,10.4,Meeting
498,6/29/2016 23:38,6/30/2016 0:00,Business,Durham,Cary,9.9,Meeting
499,6/30/2016 20:09,6/30/2016 20:26,Business,Cary,Durham,9.9,Meeting
500,7/1/2016 0:00,7/1/2016 0:25,Business,Durham,Cary,9.9,Meeting
501,7/1/2016 9:34,7/1/2016 9:57,Business,Cary,Raleigh,13.3,Meeting
502,7/1/2016 12:36,7/1/2016 13:00,Business,Raleigh,Cary,11.3,Meeting
503,7/1/2016 20:06,7/1/2016 20:24,Business,Cary,Durham,10.5,Meeting
504,7/1/2016 23:48,7/2/2016 0:09,Business,Durham,Cary,9.9,Meeting
505,7/2/2016 20:18,7/2/2016 20:36,Business,Cary,Durham,10.1,Meeting
506,7/2/2016 23:48,7/3/2016 0:12,Business,Durham,Cary,9.9,Meeting
507,7/3/2016 0:28,7/3/2016 0:38,Business,Cary,Morrisville,3.1,Errand/Supplies
508,7/3/2016 3:02,7/3/2016 3:08,Business,Morrisville,Cary,3.1,Errand/Supplies
509,7/3/2016 20:00,7/3/2016 20:18,Business,Cary,Durham,9.9,Meeting
510,7/4/2016 0:32,7/4/2016 0:47,Business,Durham,Cary,9.9,Meeting
511,7/4/2016 17:31,7/4/2016 17:49,Business,Whitebridge,Summerwinds,8.8,Meeting
512,7/4/2016 18:23,7/4/2016 18:49,Business,Summerwinds,Whitebridge,8.7,Temporary Site
513,7/4/2016 20:00,7/4/2016 20:17,Business,Cary,Durham,11.8,Meeting
514,7/5/2016 0:00,7/5/2016 0:05,Business,Parkwood,Parkwood,1.2,Errand/Supplies
515,7/5/2016 0:08,7/5/2016 0:28,Business,Durham,Cary,9.9,Meeting
516,7/5/2016 16:48,7/5/2016 16:52,Business,Whitebridge,Whitebridge,0.6,Errand/Supplies
517,7/5/2016 20:06,7/5/2016 20:26,Business,Cary,Durham,9.9,Miscellaneous
518,7/5/2016 22:41,7/5/2016 23:02,Business,Durham,Morrisville,8.6,Miscellaneous
519,7/6/2016 0:33,7/6/2016 0:53,Business,Morrisville,Cary,6.3,Meal/Entertain
520,7/6/2016 9:06,7/6/2016 9:25,Business,Cary,Durham,9.9,Meeting
521,7/6/2016 12:48,7/6/2016 13:08,Business,Durham,Cary,9.9,Miscellaneous
522,7/6/2016 20:04,7/6/2016 20:14,Business,Cary,Morrisville,3.3,Meal/Entertain
523,7/6/2016 23:46,7/6/2016 23:59,Business,Morrisville,Cary,3.1,Customer Visit
524,7/7/2016 8:22,7/7/2016 8:50,Business,Cary,Morrisville,7.9,Temporary Site
525,7/7/2016 10:27,7/7/2016 10:33,Business,Morrisville,Cary,8.9,Miscellaneous
526,7/7/2016 12:59,7/7/2016 13:35,Business,Kenner,New Orleans,12.8,Miscellaneous
527,7/8/2016 9:50,7/8/2016 10:13,Business,CBD,Pontchartrain Beach,7.7,Miscellaneous
528,7/8/2016 10:51,7/8/2016 11:12,Business,Pontchartrain Beach,CBD,7,Miscellaneous
529,7/8/2016 13:48,7/8/2016 14:11,Business,New Orleans,Metairie,12.5,Miscellaneous
530,7/8/2016 17:11,7/8/2016 17:30,Business,Kenner,New Orleans,13.2,Miscellaneous
531,7/9/2016 9:03,7/9/2016 9:46,Business,New Orleans,Kenner,13,Miscellaneous
532,7/9/2016 9:52,7/9/2016 10:06,Business,Kenner,Metairie,4.9,Miscellaneous
533,7/9/2016 10:15,7/9/2016 10:33,Business,Metairie,New Orleans,8.5,Miscellaneous
534,7/10/2016 14:10,7/10/2016 14:17,Business,CBD,St Thomas,1.3,Miscellaneous
535,7/10/2016 16:04,7/10/2016 16:15,Business,St Thomas,CBD,1.8,Miscellaneous
536,7/10/2016 18:05,7/10/2016 18:21,Business,New Orleans,Kenner,13.6,Miscellaneous
537,7/10/2016 19:51,7/10/2016 20:08,Business,Kenner,New Orleans,13.4,Miscellaneous
538,7/12/2016 16:10,7/12/2016 16:45,Business,New Orleans,Kenner,12.3,Miscellaneous
539,7/12/2016 19:21,7/12/2016 19:26,Personal,Kenner,Kenner,1.4,Miscellaneous
540,7/12/2016 23:47,7/13/2016 0:11,Personal,Morrisville,Cary,8.7,Miscellaneous
541,7/13/2016 12:39,7/13/2016 13:20,Personal,Cary,Morrisville,23.5,Miscellaneous
542,7/13/2016 13:25,7/13/2016 13:39,Personal,Morrisville,Morrisville,2.2,Miscellaneous
543,7/13/2016 13:42,7/13/2016 13:54,Personal,Morrisville,Cary,4.4,Miscellaneous
544,7/14/2016 15:51,7/14/2016 15:59,Personal,Cary,Morrisville,3.3,Miscellaneous
545,7/14/2016 16:03,7/14/2016 16:34,Business,Morrisville,Morrisville,11.8,Errand/Supplies
546,7/14/2016 16:39,7/14/2016 20:05,Business,Morrisville,Banner Elk,195.3,Miscellaneous
547,7/15/2016 11:32,7/15/2016 11:53,Personal,Banner Elk,Banner Elk,8.3,Miscellaneous
548,7/15/2016 12:09,7/15/2016 12:19,Personal,Banner Elk,Banner Elk,3.2,Miscellaneous
549,7/15/2016 12:35,7/15/2016 13:15,Personal,Banner Elk,Elk Park,22.4,Miscellaneous
550,7/15/2016 15:03,7/15/2016 15:33,Personal,Elk Park,Banner Elk,12.2,Miscellaneous
551,7/15/2016 15:40,7/15/2016 15:52,Personal,Banner Elk,Banner Elk,4.5,Miscellaneous
552,7/16/2016 13:14,7/16/2016 14:10,Personal,Banner Elk,Newland,28.1,Miscellaneous
553,7/16/2016 14:14,7/16/2016 14:30,Personal,Newland,Newland,3.8,Miscellaneous
554,7/16/2016 15:29,7/16/2016 16:57,Personal,Newland,Boone,41.9,Miscellaneous
555,7/16/2016 19:42,7/16/2016 20:35,Personal,Boone,Banner Elk,23.8,Miscellaneous
556,7/16/2016 21:45,7/16/2016 22:18,Personal,Banner Elk,Banner Elk,13,Miscellaneous
557,7/16/2016 22:50,7/16/2016 23:03,Business,Banner Elk,Banner Elk,4.4,Errand/Supplies
558,7/17/2016 11:23,7/17/2016 11:50,Personal,Banner Elk,Boone,15.1,Charity ($)
559,7/17/2016 12:20,7/17/2016 15:25,Personal,Boone,Cary,180.2,Commute
560,7/18/2016 10:37,7/18/2016 10:49,Personal,Cary,Morrisville,4.1,Moving
561,7/18/2016 10:54,7/18/2016 11:15,Personal,Morrisville,Cary,6.1,Moving
562,7/18/2016 11:25,7/18/2016 11:36,Personal,Northwoods,Preston,3.3,Moving
563,7/18/2016 11:40,7/18/2016 11:56,Personal,Preston,Whitebridge,4.7,Moving
564,7/18/2016 17:12,7/18/2016 17:33,Business,Cary,Apex,7.2,Meeting
565,7/18/2016 18:32,7/18/2016 18:47,Business,Apex,Cary,5.5,Meal/Entertain
566,7/18/2016 19:07,7/18/2016 19:14,Business,Cary,Morrisville,3.3,Meal/Entertain
567,7/18/2016 20:28,7/18/2016 20:32,Business,Hazelwood,Weston,0.9,Errand/Supplies
568,7/18/2016 21:11,7/18/2016 21:19,Business,Morrisville,Cary,3.8,Meal/Entertain
569,7/19/2016 10:35,7/19/2016 10:51,Business,Whitebridge,Stonewater,6.4,Customer Visit
570,7/19/2016 10:56,7/19/2016 11:11,Business,Stonewater,Lexington Park at Amberly,3,Meeting
571,7/19/2016 11:30,7/19/2016 12:00,Business,Lexington Park at Amberly,Whitebridge,8.7,Meal/Entertain
572,7/19/2016 17:14,7/19/2016 17:24,Business,Whitebridge,Chessington,3.9,Errand/Supplies
573,7/19/2016 17:50,7/19/2016 18:08,Personal,Chessington,Whitebridge,4.8,Miscellaneous
574,7/20/2016 17:12,7/20/2016 17:24,Personal,Whitebridge,Edgehill Farms,2.8,Miscellaneous
575,7/20/2016 17:50,7/20/2016 17:57,Personal,Edgehill Farms,Preston,1.4,Miscellaneous
576,7/20/2016 18:16,7/20/2016 18:20,Personal,Preston,Whitebridge,1.4,Miscellaneous
577,7/21/2016 17:17,7/21/2016 17:23,Business,Whitebridge,Edgehill Farms,2.7,Miscellaneous
578,7/21/2016 17:42,7/21/2016 17:51,Business,Edgehill Farms,Burtrose,2.3,Miscellaneous
579,7/21/2016 18:27,7/21/2016 18:42,Business,Cary,Morrisville,3.7,Miscellaneous
580,7/21/2016 19:30,7/21/2016 19:39,Business,Morrisville,Cary,2.9,Miscellaneous
581,7/22/2016 10:42,7/22/2016 10:53,Business,Cary,Morrisville,3.8,Miscellaneous
582,7/22/2016 11:11,7/22/2016 11:25,Business,Morrisville,Cary,5.1,Miscellaneous
583,7/22/2016 11:37,7/22/2016 12:00,Business,Hazelwood,Lexington Park at Amberly,9.1,Miscellaneous
584,7/22/2016 12:14,7/22/2016 12:31,Business,Cary,Durham,8,Miscellaneous
585,7/22/2016 13:21,7/22/2016 13:42,Business,Durham,Cary,9.9,Meeting
586,7/22/2016 14:27,7/22/2016 14:43,Business,Cary,Morrisville,6.1,Meal/Entertain
587,7/22/2016 15:49,7/22/2016 16:22,Business,Morrisville,Cary,12.2,Miscellaneous
588,7/22/2016 18:33,7/22/2016 18:51,Business,Wayne Ridge,Whitebridge,8,Miscellaneous
589,7/23/2016 14:27,7/23/2016 14:44,Business,Cary,Morrisville,4,Miscellaneous
590,7/23/2016 14:48,7/23/2016 15:12,Business,Morrisville,Cary,9.5,Miscellaneous
591,7/23/2016 15:15,7/23/2016 15:27,Business,Cary,Morrisville,3,Miscellaneous
592,7/23/2016 15:50,7/23/2016 16:10,Business,Morrisville,Cary,6.3,Miscellaneous
593,7/23/2016 20:17,7/23/2016 20:33,Business,Cary,Durham,10.4,Meeting
594,7/23/2016 23:18,7/23/2016 23:43,Business,Durham,Cary,9.9,Meeting
595,7/25/2016 10:35,7/25/2016 10:41,Business,Whitebridge,Parkway,1.5,Miscellaneous
596,7/25/2016 10:47,7/25/2016 10:58,Business,Cary,Morrisville,4.9,Miscellaneous
597,7/25/2016 11:04,7/25/2016 11:33,Business,Morrisville,Cary,7.9,Miscellaneous
598,7/25/2016 11:37,7/25/2016 11:44,Business,Parkway,Whitebridge,1.7,Miscellaneous
599,7/26/2016 15:43,7/26/2016 15:49,Business,Whitebridge,Westpark Place,2.2,Miscellaneous
600,7/26/2016 17:14,7/26/2016 17:24,Business,Westpark Place,Whitebridge,2.1,Miscellaneous
601,7/26/2016 20:52,7/26/2016 21:00,Business,Cary,Morrisville,2.5,Meal/Entertain
602,7/26/2016 22:31,7/26/2016 22:39,Business,Morrisville,Cary,2.5,Meal/Entertain
603,7/27/2016 19:08,7/27/2016 19:20,Business,Cary,Morrisville,2.8,Miscellaneous
604,7/27/2016 21:34,7/27/2016 21:57,Business,Morrisville,Raleigh,14.7,Miscellaneous
605,7/27/2016 22:00,7/27/2016 22:26,Business,Raleigh,Morrisville,14.6,Miscellaneous
606,7/28/2016 0:04,7/28/2016 0:09,Business,Morrisville,Cary,2.3,Miscellaneous
607,7/29/2016 15:45,7/29/2016 15:47,Business,Whitebridge,Westpark Place,2.2,Miscellaneous
608,7/29/2016 17:27,7/29/2016 17:45,Business,Westpark Place,Whitebridge,2.2,Meal/Entertain
609,7/30/2016 17:02,7/30/2016 17:27,Business,Cary,Durham,14,Miscellaneous
610,7/30/2016 21:16,7/30/2016 21:41,Business,Durham,Cary,13.3,Miscellaneous
611,7/31/2016 17:30,7/31/2016 17:37,Business,Westpark Place,Whitebridge,1.8,Miscellaneous
612,8/1/2016 12:47,8/1/2016 13:04,Business,Whitebridge,Arlington Park at Amberly,6.2,Miscellaneous
613,8/1/2016 13:08,8/1/2016 13:19,Business,Arlington Park at Amberly,Lexington Park at Amberly,1.3,Miscellaneous
614,8/1/2016 13:28,8/1/2016 13:46,Business,Lexington Park at Amberly,Westpark Place,1.9,Miscellaneous
615,8/1/2016 13:52,8/1/2016 14:14,Business,Cary,Apex,6.9,Miscellaneous
616,8/1/2016 15:40,8/1/2016 15:47,Business,Apex,Cary,4.6,Miscellaneous
617,8/1/2016 16:18,8/1/2016 16:25,Business,Whitebridge,Edgehill Farms,2.8,Miscellaneous
618,8/1/2016 16:29,8/1/2016 16:59,Business,Cary,Morrisville,9.1,Miscellaneous
619,8/1/2016 17:23,8/1/2016 17:55,Business,Morrisville,Cary,8.1,Miscellaneous
620,8/2/2016 8:11,8/2/2016 8:32,Business,Cary,Morrisville,8.4,Meeting
621,8/2/2016 11:51,8/2/2016 12:15,Business,Arlington,Washington,4.9,Miscellaneous
622,8/2/2016 19:15,8/2/2016 19:23,Business,Kalorama Triangle,K Street,1,Miscellaneous
623,8/2/2016 21:23,8/2/2016 21:29,Business,K Street,Kalorama Triangle,1,Miscellaneous
624,8/3/2016 12:46,8/3/2016 13:00,Business,West End,Northwest Rectangle,2,Miscellaneous
625,8/3/2016 14:59,8/3/2016 15:03,Business,K Street,Kalorama Triangle,1.1,Miscellaneous
626,8/3/2016 16:00,8/3/2016 16:04,Business,Kalorama Triangle,Downtown,1.5,Miscellaneous
627,8/5/2016 17:23,8/5/2016 17:30,Business,Connecticut Avenue,Kalorama Triangle,1.3,Miscellaneous
628,8/5/2016 18:17,8/5/2016 18:21,Business,Kalorama Triangle,Columbia Heights,1.8,Miscellaneous
629,8/5/2016 19:17,8/5/2016 19:27,Business,Columbia Heights,Kalorama Triangle,1.5,Miscellaneous
630,8/6/2016 6:40,8/6/2016 6:58,Business,Washington,Arlington,6.6,Miscellaneous
631,8/6/2016 9:31,8/6/2016 9:53,Business,Morrisville,Cary,8,Miscellaneous
632,8/7/2016 17:14,8/7/2016 17:23,Business,Whitebridge,Edgehill Farms,2.7,Miscellaneous
633,8/7/2016 17:28,8/7/2016 17:43,Business,Edgehill Farms,Whitebridge,2.7,Customer Visit
634,8/7/2016 18:17,8/7/2016 18:23,Business,Cary,Morrisville,2.5,Miscellaneous
635,8/7/2016 20:15,8/7/2016 20:23,Business,Morrisville,Cary,2.5,Meal/Entertain
636,8/8/2016 16:17,8/8/2016 16:31,Business,Whitebridge,Farmington Woods,5.2,Miscellaneous
637,8/8/2016 16:37,8/8/2016 16:50,Business,Farmington Woods,Edgehill Farms,4,Miscellaneous
638,8/8/2016 17:02,8/8/2016 17:13,Business,Edgehill Farms,Whitebridge,2.7,Customer Visit
639,8/8/2016 21:50,8/8/2016 22:15,Business,Cary,Morrisville,4.8,Miscellaneous
640,8/8/2016 23:28,8/8/2016 23:37,Business,Morrisville,Cary,3.2,Customer Visit
641,8/9/2016 14:20,8/9/2016 14:38,Business,Whitebridge,Waverly Place,6.9,Miscellaneous
642,8/9/2016 15:15,8/9/2016 15:36,Business,Cary,Raleigh,14.9,Miscellaneous
643,8/9/2016 16:04,8/9/2016 16:37,Business,Raleigh,Cary,17.4,Miscellaneous
644,8/10/2016 16:56,8/10/2016 17:24,Business,Cary,Durham,12.9,Miscellaneous
645,8/10/2016 17:53,8/10/2016 18:28,Business,Durham,Apex,15.3,Miscellaneous
646,8/10/2016 18:49,8/10/2016 18:50,Business,Apex,Apex,1,Miscellaneous
647,8/10/2016 19:47,8/10/2016 20:02,Business,Apex,Cary,6,Miscellaneous
648,8/11/2016 12:53,8/11/2016 13:00,Business,Whitebridge,Heritage Pines,2.2,Miscellaneous
649,8/11/2016 13:14,8/11/2016 13:28,Business,Heritage Pines,Edgehill Farms,4.4,Miscellaneous
650,8/11/2016 13:32,8/11/2016 13:42,Business,Edgehill Farms,Whitebridge,2.8,Miscellaneous
651,8/11/2016 18:37,8/11/2016 19:29,Business,Cary,Wake Forest,31.7,Miscellaneous
652,8/11/2016 20:59,8/11/2016 21:44,Business,Wake Forest,Cary,31.9,Miscellaneous
653,8/12/2016 18:49,8/12/2016 18:52,Business,Whitebridge,Westpark Place,1.9,Miscellaneous
654,8/12/2016 18:56,8/12/2016 19:05,Business,Westpark Place,Whitebridge,1.8,Miscellaneous
655,8/13/2016 15:35,8/13/2016 15:58,Business,Cary,Morrisville,8.4,Meeting
656,8/15/2016 9:05,8/15/2016 9:52,Business,Rawalpindi,Unknown Location,15.6,Miscellaneous
657,8/15/2016 15:20,8/15/2016 15:47,Business,Unknown Location,Unknown Location,14.1,Miscellaneous
658,8/15/2016 16:52,8/15/2016 17:30,Business,Unknown Location,Unknown Location,15.7,Miscellaneous
659,8/15/2016 19:08,8/15/2016 20:30,Business,Unknown Location,Unknown Location,25.9,Temporary Site
660,8/16/2016 7:58,8/16/2016 8:11,Business,Unknown Location,Unknown Location,7.9,Miscellaneous
661,8/16/2016 8:16,8/16/2016 8:23,Business,Unknown Location,Unknown Location,2.7,Miscellaneous
662,8/16/2016 8:46,8/16/2016 8:53,Business,Unknown Location,Unknown Location,5.5,Miscellaneous
663,8/16/2016 10:06,8/16/2016 10:27,Business,Unknown Location,Islamabad,5.7,Miscellaneous
664,8/16/2016 10:31,8/16/2016 10:38,Business,Islamabad,Islamabad,1.2,Miscellaneous
665,8/16/2016 11:47,8/16/2016 12:03,Business,Islamabad,Unknown Location,5.7,Temporary Site
666,8/16/2016 15:13,8/16/2016 15:36,Business,Unknown Location,Unknown Location,16.2,Miscellaneous
667,8/17/2016 10:17,8/17/2016 10:41,Business,Unknown Location,Unknown Location,2.6,Miscellaneous
668,8/17/2016 10:57,8/17/2016 11:20,Business,Unknown Location,Unknown Location,12.1,Miscellaneous
669,8/17/2016 14:45,8/17/2016 14:50,Business,Unknown Location,Rawalpindi,1.4,Miscellaneous
670,8/17/2016 15:32,8/17/2016 15:47,Business,Rawalpindi,Islamabad,6.4,Miscellaneous
671,8/17/2016 16:29,8/17/2016 16:50,Business,Islamabad,Unknown Location,7.3,Miscellaneous
672,8/17/2016 16:54,8/17/2016 17:00,Business,Unknown Location,Unknown Location,5.3,Miscellaneous
673,8/17/2016 17:05,8/17/2016 17:34,Business,Unknown Location,Unknown Location,5.5,Miscellaneous
674,8/17/2016 18:38,8/17/2016 18:57,Business,Unknown Location,Unknown Location,7.7,Temporary Site
675,8/18/2016 18:40,8/18/2016 19:07,Business,Unknown Location,Unknown Location,7.6,Temporary Site
676,8/19/2016 8:24,8/19/2016 8:45,Business,Unknown Location,Noorpur Shahan,7.6,Miscellaneous
677,8/19/2016 8:54,8/19/2016 9:07,Business,Noorpur Shahan,Islamabad,3.3,Miscellaneous
678,8/19/2016 9:27,8/19/2016 9:47,Business,Islamabad,Rawalpindi,6.5,Miscellaneous
679,8/19/2016 10:57,8/19/2016 11:06,Business,Rawalpindi,Unknown Location,2,Miscellaneous
680,8/19/2016 12:07,8/19/2016 12:24,Business,Unknown Location,Islamabad,5.7,Miscellaneous
681,8/19/2016 15:51,8/19/2016 16:06,Business,Islamabad,Islamabad,3.2,Miscellaneous
682,8/19/2016 17:12,8/19/2016 17:52,Business,Islamabad,Unknown Location,12.5,Miscellaneous
683,8/21/2016 10:00,8/21/2016 10:29,Business,Unknown Location,Unknown Location,7.6,Airport/Travel
684,8/21/2016 14:05,8/21/2016 14:34,Business,Unknown Location,Unknown Location,7.7,Miscellaneous
685,8/21/2016 16:30,8/21/2016 17:02,Business,Unknown Location,Islamabad,12.2,Miscellaneous
686,8/21/2016 18:10,8/21/2016 18:17,Business,Islamabad,Islamabad,1.4,Miscellaneous
687,8/21/2016 18:48,8/21/2016 19:24,Business,Islamabad,Unknown Location,20.2,Miscellaneous
688,8/22/2016 10:00,8/22/2016 10:44,Business,Unknown Location,Islamabad,9.8,Miscellaneous
689,8/22/2016 11:07,8/22/2016 11:23,Business,Islamabad,Unknown Location,6.3,Miscellaneous
690,8/22/2016 12:36,8/22/2016 12:49,Business,Unknown Location,Islamabad,4.9,Miscellaneous
691,8/22/2016 13:02,8/22/2016 13:11,Business,Islamabad,Islamabad,1.5,Miscellaneous
692,8/22/2016 14:07,8/22/2016 14:31,Business,Islamabad,Unknown Location,10.9,Miscellaneous
693,8/22/2016 15:14,8/22/2016 15:49,Business,Unknown Location,Unknown Location,19,Miscellaneous
694,8/22/2016 15:59,8/22/2016 17:16,Business,Unknown Location,Unknown Location,19,Miscellaneous
695,8/22/2016 19:58,8/22/2016 20:50,Business,Unknown Location,Rawalpindi,7.9,Miscellaneous
696,8/22/2016 20:53,8/22/2016 21:31,Business,Rawalpindi,Rawalpindi,4.1,Miscellaneous
697,8/22/2016 22:31,8/22/2016 23:00,Business,Rawalpindi,Unknown Location,18.7,Miscellaneous
698,8/23/2016 8:10,8/23/2016 8:25,Business,Unknown Location,Noorpur Shahan,8.7,Miscellaneous
699,8/23/2016 9:35,8/23/2016 10:09,Business,Noorpur Shahan,Unknown Location,7.5,Miscellaneous
700,8/23/2016 12:59,8/23/2016 13:15,Business,Unknown Location,Noorpur Shahan,7.7,Miscellaneous
701,8/23/2016 13:19,8/23/2016 13:30,Business,Noorpur Shahan,Islamabad,4.4,Miscellaneous
702,8/23/2016 13:49,8/23/2016 14:04,Business,Islamabad,Unknown Location,5,Miscellaneous
703,8/23/2016 15:07,8/23/2016 15:12,Business,Unknown Location,Unknown Location,1.9,Miscellaneous
704,8/23/2016 15:15,8/23/2016 17:16,Business,Unknown Location,Unknown Location,7.9,Miscellaneous
705,8/23/2016 17:42,8/23/2016 18:31,Business,Unknown Location,Unknown Location,17.7,Miscellaneous
706,8/24/2016 12:05,8/24/2016 12:56,Business,Unknown Location,Unknown Location,25.2,Miscellaneous
707,8/24/2016 13:01,8/24/2016 15:25,Business,Unknown Location,Unknown Location,96.2,Miscellaneous
708,8/25/2016 15:17,8/25/2016 16:22,Business,Unknown Location,Unknown Location,35,Miscellaneous
709,8/25/2016 16:36,8/25/2016 16:56,Business,Unknown Location,Unknown Location,5.5,Miscellaneous
710,8/25/2016 17:19,8/25/2016 19:20,Business,Unknown Location,Unknown Location,50.4,Miscellaneous
711,8/25/2016 19:25,8/25/2016 19:57,Business,Unknown Location,Lahore,9.2,Miscellaneous
712,8/25/2016 22:58,8/25/2016 23:16,Business,Lahore,Unknown Location,7.3,Miscellaneous
713,8/26/2016 9:06,8/26/2016 9:20,Business,Unknown Location,Unknown Location,5,Miscellaneous
714,8/26/2016 11:14,8/26/2016 11:26,Business,Unknown Location,Unknown Location,3.8,Miscellaneous
715,8/26/2016 12:10,8/26/2016 12:20,Business,Unknown Location,Lahore,3.9,Miscellaneous
716,8/26/2016 14:10,8/26/2016 14:33,Business,Lahore,Lahore,7.4,Miscellaneous
717,8/26/2016 15:23,8/26/2016 15:35,Business,Lahore,Lahore,1.5,Miscellaneous
718,8/26/2016 15:59,8/26/2016 16:24,Business,Lahore,Unknown Location,7.9,Miscellaneous
719,8/26/2016 16:55,8/26/2016 17:12,Business,Unknown Location,Lahore,2.9,Miscellaneous
720,8/26/2016 18:42,8/26/2016 18:56,Business,Lahore,Lahore,3.4,Miscellaneous
721,8/26/2016 19:31,8/26/2016 19:54,Business,Lahore,Lahore,3.8,Miscellaneous
722,8/26/2016 20:06,8/26/2016 20:16,Business,Lahore,Unknown Location,5.9,Miscellaneous
723,8/27/2016 9:34,8/27/2016 10:11,Business,Unknown Location,Lahore,9.6,Miscellaneous
724,8/27/2016 11:47,8/27/2016 12:06,Business,Lahore,Lahore,7,Miscellaneous
725,8/27/2016 12:12,8/27/2016 12:17,Business,Lahore,Lahore,0.9,Miscellaneous
726,8/27/2016 14:01,8/27/2016 15:44,Business,Lahore,Unknown Location,86.6,Miscellaneous
727,8/27/2016 16:15,8/27/2016 19:13,Business,Unknown Location,Unknown Location,156.9,Miscellaneous
728,8/28/2016 9:57,8/28/2016 10:18,Business,Unknown Location,Noorpur Shahan,10.1,Miscellaneous
729,8/28/2016 16:39,8/28/2016 16:55,Business,Noorpur Shahan,Islamabad,6.2,Miscellaneous
730,8/28/2016 17:37,8/28/2016 17:55,Business,Islamabad,Islamabad,5.3,Miscellaneous
731,8/28/2016 21:15,8/28/2016 21:59,Business,Islamabad,Unknown Location,12.1,Miscellaneous
732,8/29/2016 12:02,8/29/2016 12:31,Business,Unknown Location,Islamabad,10.8,Miscellaneous
733,8/29/2016 13:38,8/29/2016 13:48,Business,Islamabad,Islamabad,4.3,Miscellaneous
734,8/29/2016 14:31,8/29/2016 14:41,Business,Islamabad,Islamabad,2.5,Miscellaneous
735,8/29/2016 14:49,8/29/2016 15:04,Business,Islamabad,Unknown Location,5.7,Temporary Site
736,8/29/2016 15:49,8/29/2016 15:59,Business,Unknown Location,Islamabad,2.8,Miscellaneous
737,8/29/2016 16:06,8/29/2016 16:21,Business,Islamabad,Unknown Location,4,Miscellaneous
738,8/29/2016 17:24,8/29/2016 17:41,Business,Unknown Location,Islamabad,5.5,Miscellaneous
739,8/29/2016 18:27,8/29/2016 18:36,Business,Islamabad,Islamabad,2.6,Miscellaneous
740,8/30/2016 11:53,8/30/2016 12:05,Business,Unknown Location,Unknown Location,2.1,Miscellaneous
741,8/30/2016 12:46,8/30/2016 13:09,Business,Unknown Location,Islamabad,8.8,Miscellaneous
742,8/30/2016 13:25,8/30/2016 13:46,Business,Islamabad,Islamabad,4.4,Miscellaneous
743,8/30/2016 14:00,8/30/2016 14:20,Business,Islamabad,Unknown Location,5.3,Miscellaneous
744,8/30/2016 17:27,8/30/2016 18:09,Business,Unknown Location,Unknown Location,13,Miscellaneous
745,9/1/2016 11:51,9/1/2016 12:24,Business,Unknown Location,Islamabad,13,Miscellaneous
746,9/1/2016 17:21,9/1/2016 17:36,Business,Islamabad,Unknown Location,10.6,Miscellaneous
747,9/1/2016 18:49,9/1/2016 19:08,Business,Unknown Location,Unknown Location,2.2,Miscellaneous
748,9/2/2016 11:37,9/2/2016 12:24,Business,Unknown Location,Islamabad,9.2,Miscellaneous
749,9/2/2016 18:56,9/2/2016 19:37,Business,Unknown Location,Unknown Location,12.9,Miscellaneous
750,9/5/2016 10:25,9/5/2016 10:44,Business,Unknown Location,Rawalpindi,17.2,Miscellaneous
751,9/6/2016 17:49,9/6/2016 17:49,Business,Unknown Location,Unknown Location,69.1,Miscellaneous
752,9/10/2016 10:28,9/10/2016 10:45,Business,Unknown Location,Unknown Location,2.8,Miscellaneous
753,9/11/2016 9:51,9/11/2016 9:55,Business,Unknown Location,Unknown Location,8.6,Miscellaneous
754,9/11/2016 21:40,9/11/2016 21:42,Business,Unknown Location,Unknown Location,9.8,Miscellaneous
755,9/12/2016 8:07,9/12/2016 8:12,Business,Unknown Location,Unknown Location,3.6,Miscellaneous
756,9/12/2016 11:15,9/12/2016 11:24,Business,Unknown Location,Unknown Location,1.7,Miscellaneous
757,9/12/2016 13:04,9/12/2016 13:44,Business,Unknown Location,Unknown Location,11.5,Miscellaneous
758,9/13/2016 16:56,9/13/2016 17:02,Business,Unknown Location,Unknown Location,0.7,Miscellaneous
759,9/14/2016 11:55,9/14/2016 11:59,Business,Unknown Location,Unknown Location,0.7,Miscellaneous
760,9/15/2016 20:33,9/15/2016 20:38,Business,Unknown Location,Unknown Location,0.9,Miscellaneous
761,9/16/2016 7:08,9/16/2016 7:08,Business,Unknown Location,Unknown Location,1.6,Miscellaneous
762,9/18/2016 18:07,9/18/2016 18:11,Business,Unknown Location,Unknown Location,9.4,Miscellaneous
763,9/19/2016 6:18,9/19/2016 6:49,Business,Rawalpindi,Unknown Location,18.2,Miscellaneous
764,9/19/2016 14:40,9/19/2016 14:56,Business,Unknown Location,Islamabad,10.5,Miscellaneous
765,9/19/2016 16:23,9/19/2016 16:31,Business,Islamabad,Unknown Location,5.7,Miscellaneous
766,9/19/2016 17:36,9/19/2016 18:20,Business,Unknown Location,Unknown Location,18,Miscellaneous
767,9/19/2016 19:10,9/19/2016 19:49,Business,Unknown Location,Islamabad,18.3,Miscellaneous
768,9/20/2016 11:29,9/20/2016 11:48,Business,Islamabad,Unknown Location,16.5,Miscellaneous
769,9/20/2016 20:47,9/20/2016 22:47,Business,Unknown Location,Rawalpindi,9.6,Miscellaneous
770,9/23/2016 13:15,9/23/2016 13:40,Business,Karachi,Karachi,2.9,Miscellaneous
771,9/24/2016 14:34,9/24/2016 15:15,Business,Karachi,Unknown Location,8.2,Miscellaneous
772,9/24/2016 20:29,9/24/2016 20:33,Business,Unknown Location,Unknown Location,2.4,Miscellaneous
773,9/27/2016 8:33,9/27/2016 8:35,Business,Unknown Location,Unknown Location,5.8,Miscellaneous
774,9/27/2016 13:21,9/27/2016 14:43,Business,Lahore,Lahore,9.8,Miscellaneous
775,9/27/2016 19:14,9/27/2016 20:34,Business,Lahore,Unknown Location,7.3,Miscellaneous
776,9/27/2016 21:01,9/28/2016 2:37,Business,Unknown Location,Unknown Location,195.6,Miscellaneous
777,9/28/2016 17:21,9/28/2016 19:36,Business,Islamabad,Unknown Location,20.5,Miscellaneous
778,9/29/2016 16:13,9/29/2016 18:47,Business,Unknown Location,Islamabad,12.6,Miscellaneous
779,9/30/2016 17:39,9/30/2016 20:20,Business,Islamabad,Islamabad,37.7,Miscellaneous
780,9/30/2016 20:59,9/30/2016 22:34,Business,Islamabad,Unknown Location,16.7,Miscellaneous
781,10/3/2016 17:09,10/3/2016 17:12,Business,Unknown Location,Islamabad,10.5,Miscellaneous
782,10/3/2016 18:17,10/3/2016 18:34,Business,Islamabad,Islamabad,2.8,Miscellaneous
783,10/3/2016 18:51,10/3/2016 19:01,Business,Islamabad,Islamabad,1.6,Miscellaneous
784,10/3/2016 22:04,10/3/2016 22:33,Business,Islamabad,Unknown Location,12.7,Miscellaneous
785,10/4/2016 9:50,10/4/2016 10:52,Business,Unknown Location,Unknown Location,28.6,Miscellaneous
786,10/4/2016 12:17,10/4/2016 12:18,Business,Unknown Location,Unknown Location,15.1,Miscellaneous
787,10/6/2016 8:49,10/6/2016 11:36,Business,Unknown Location,Rawalpindi,17.9,Miscellaneous
788,10/6/2016 17:23,10/6/2016 17:40,Business,Rawalpindi,Unknown Location,112.6,Miscellaneous
789,10/6/2016 18:37,10/6/2016 18:39,Business,Unknown Location,Unknown Location,18.4,Miscellaneous
790,10/6/2016 19:46,10/6/2016 20:26,Business,Unknown Location,Unknown Location,13.8,Miscellaneous
791,10/7/2016 10:56,10/7/2016 10:59,Business,Unknown Location,Lahore,33.2,Miscellaneous
792,10/7/2016 11:27,10/7/2016 11:50,Business,Lahore,Lahore,2.6,Miscellaneous
793,10/7/2016 13:52,10/7/2016 14:08,Business,Lahore,Unknown Location,5.8,Miscellaneous
794,10/7/2016 14:29,10/7/2016 15:11,Business,Unknown Location,Lahore,8.3,Miscellaneous
795,10/7/2016 15:47,10/7/2016 16:02,Business,Lahore,Lahore,2.4,Miscellaneous
796,10/7/2016 18:08,10/7/2016 18:27,Business,Lahore,Lahore,3.1,Miscellaneous
797,10/7/2016 18:33,10/7/2016 19:01,Business,Lahore,Lahore,6.1,Miscellaneous
798,10/8/2016 15:03,10/8/2016 15:03,Business,Karachi,Karachi,3.6,Miscellaneous
799,10/8/2016 18:15,10/8/2016 18:18,Business,Karachi,Unknown Location,8,Miscellaneous
800,10/9/2016 14:04,10/9/2016 14:23,Business,Unknown Location,Unknown Location,7.7,Temporary Site
801,10/10/2016 17:22,10/10/2016 17:28,Business,Islamabad,Islamabad,1.7,Miscellaneous
802,10/10/2016 17:33,10/10/2016 18:13,Business,Islamabad,Unknown Location,9.5,Miscellaneous
803,10/11/2016 1:27,10/11/2016 2:08,Business,Unknown Location,Rawalpindi,17.1,Meeting
804,10/12/2016 19:18,10/12/2016 19:21,Business,Rawalpindi,Unknown Location,18.4,Miscellaneous
805,10/13/2016 11:20,10/13/2016 11:58,Business,Unknown Location,Islamabad,9.8,Miscellaneous
806,10/13/2016 12:08,10/13/2016 12:14,Business,Islamabad,Islamabad,1,Miscellaneous
807,10/13/2016 13:02,10/13/2016 13:02,Business,Islamabad,Islamabad,0.7,Miscellaneous
808,10/13/2016 13:37,10/13/2016 13:46,Business,Islamabad,Islamabad,2.3,Miscellaneous
809,10/13/2016 16:08,10/13/2016 16:53,Business,Islamabad,Unknown Location,10.9,Miscellaneous
810,10/14/2016 8:50,10/14/2016 9:44,Business,Unknown Location,Rawalpindi,12.7,Miscellaneous
811,10/14/2016 10:16,10/14/2016 10:52,Business,Rawalpindi,Unknown Location,12.4,Miscellaneous
812,10/14/2016 15:56,10/14/2016 16:20,Business,Unknown Location,Unknown Location,3.8,Miscellaneous
813,10/14/2016 23:54,10/15/2016 2:06,Business,Unknown Location,Rawalpindi,17,Meeting
814,10/15/2016 22:28,10/15/2016 22:48,Business,Morrisville,Morrisville,6.2,Miscellaneous
815,10/16/2016 0:01,10/16/2016 0:14,Business,Morrisville,Cary,3.1,Miscellaneous
816,10/16/2016 12:52,10/16/2016 13:11,Business,Cary,Durham,10.5,Meeting
817,10/16/2016 14:40,10/16/2016 15:01,Business,Durham,Morrisville,8.1,Miscellaneous
818,10/16/2016 15:10,10/16/2016 15:19,Business,Morrisville,Cary,3.1,Miscellaneous
819,10/16/2016 19:27,10/16/2016 19:33,Business,Whitebridge,Parkway,2.1,Meeting
820,10/16/2016 20:30,10/16/2016 20:39,Business,Cary,Morrisville,4.3,Miscellaneous
821,10/16/2016 21:34,10/16/2016 21:41,Business,Morrisville,Cary,2.5,Meal/Entertain
822,10/17/2016 15:19,10/17/2016 15:57,Business,Cary,Raleigh,20.6,Miscellaneous
823,10/17/2016 16:29,10/17/2016 17:11,Business,Raleigh,Cary,17.6,Miscellaneous
824,10/17/2016 18:02,10/17/2016 18:16,Business,Cary,Apex,5.6,Miscellaneous
825,10/17/2016 18:31,10/17/2016 18:45,Business,Apex,Apex,3.3,Miscellaneous
826,10/17/2016 19:08,10/17/2016 19:25,Business,Apex,Cary,5.3,Miscellaneous
827,10/18/2016 8:12,10/18/2016 8:22,Business,Whitebridge,Edgehill Farms,3.3,Miscellaneous
828,10/18/2016 8:53,10/18/2016 9:02,Business,Edgehill Farms,Whitebridge,3.3,Miscellaneous
829,10/18/2016 10:41,10/18/2016 11:09,Business,Cary,Morrisville,7.9,Temporary Site
830,10/18/2016 18:12,10/18/2016 18:33,Business,Oakland,Emeryville,13,Miscellaneous
831,10/18/2016 19:03,10/18/2016 19:13,Business,Emeryville,Berkeley,3,Miscellaneous
832,10/18/2016 20:31,10/18/2016 20:37,Business,Berkeley,Emeryville,3,Miscellaneous
833,10/19/2016 9:33,10/19/2016 9:47,Business,Emeryville,Oakland,3.8,Miscellaneous
834,10/19/2016 9:54,10/19/2016 10:21,Business,Oakland,San Francisco,9.5,Miscellaneous
835,10/19/2016 13:45,10/19/2016 13:56,Business,SOMISSPO,French Quarter,1.7,Miscellaneous
836,10/19/2016 14:02,10/19/2016 14:31,Business,San Francisco,Berkeley,10.8,Miscellaneous
837,10/19/2016 15:44,10/19/2016 16:02,Business,West Berkeley,North Berkeley Hills,4.1,Miscellaneous
838,10/19/2016 16:06,10/19/2016 16:19,Business,North Berkeley Hills,Southside,2.2,Miscellaneous
839,10/19/2016 16:33,10/19/2016 17:01,Business,Berkeley,Emeryville,4.6,Miscellaneous
840,10/20/2016 11:26,10/20/2016 11:34,Business,Emeryville,Berkeley,3.1,Miscellaneous
841,10/20/2016 12:19,10/20/2016 13:17,Business,Berkeley,San Jose,47.7,Miscellaneous
842,10/20/2016 20:44,10/20/2016 21:37,Business,San Jose,Emeryville,44.6,Miscellaneous
843,10/21/2016 10:06,10/21/2016 10:21,Business,Emeryville,Oakland,13.2,Miscellaneous
844,10/22/2016 0:54,10/22/2016 1:09,Business,Morrisville,Cary,8.7,Miscellaneous
845,10/22/2016 13:26,10/22/2016 14:03,Business,Cary,Raleigh,17.2,Miscellaneous
846,10/22/2016 17:08,10/22/2016 17:55,Business,Raleigh,Cary,14,Miscellaneous
847,10/23/2016 9:24,10/23/2016 10:05,Business,Cary,Raleigh,28.1,Miscellaneous
848,10/23/2016 12:17,10/23/2016 12:59,Business,Raleigh,Cary,28.2,Miscellaneous
849,10/23/2016 19:04,10/23/2016 19:14,Business,Cary,Morrisville,3.1,Meal/Entertain
850,10/23/2016 21:10,10/23/2016 21:25,Business,Morrisville,Cary,3.1,Customer Visit
851,10/24/2016 14:57,10/24/2016 15:26,Business,Cary,Durham,16.4,Miscellaneous
852,10/24/2016 15:33,10/24/2016 16:13,Business,Durham,Morrisville,15.4,Miscellaneous
853,10/24/2016 16:34,10/24/2016 16:41,Business,Morrisville,Cary,2.2,Miscellaneous
854,10/25/2016 13:27,10/25/2016 14:08,Business,Cary,Apex,11.2,Miscellaneous
855,10/25/2016 15:04,10/25/2016 15:11,Business,Apex,Eagle Rock,2.2,Miscellaneous
856,10/25/2016 15:16,10/25/2016 15:33,Business,Eagle Rock,Cary,3.6,Miscellaneous
857,10/25/2016 20:00,10/25/2016 20:11,Business,Whitebridge,Savon Height,3.6,Meal/Entertain
858,10/25/2016 20:54,10/25/2016 21:03,Business,Savon Height,Parkway,4.9,Miscellaneous
859,10/25/2016 22:24,10/25/2016 22:45,Business,Parkway,Whitebridge,8.7,Errand/Supplies
860,10/26/2016 19:25,10/26/2016 19:31,Business,Whitebridge,Parkway,2.1,Meeting
861,10/26/2016 20:53,10/26/2016 21:03,Business,Parkway,Whitebridge,2.1,Miscellaneous
862,10/27/2016 18:51,10/27/2016 19:16,Business,Cary,Morrisville,8.4,Meeting
863,10/27/2016 19:20,10/27/2016 19:35,Business,Morrisville,Morrisville,5.9,Miscellaneous
864,10/27/2016 19:52,10/27/2016 20:21,Business,Huntington Woods,Huntington Woods,12.1,Miscellaneous
865,10/27/2016 20:47,10/27/2016 20:54,Business,Huntington Woods,Weston,3.9,Miscellaneous
866,10/27/2016 21:26,10/27/2016 21:48,Business,Morrisville,Cary,6.2,Miscellaneous
867,10/28/2016 11:34,10/28/2016 11:52,Business,Cary,Durham,10.4,Meeting
868,10/28/2016 13:06,10/28/2016 13:36,Business,Durham,Cary,9.9,Meeting
869,10/28/2016 15:53,10/28/2016 17:59,Business,Cary,Winston Salem,107,Meeting
870,10/28/2016 18:13,10/28/2016 20:07,Business,Winston Salem,Asheville,133.6,Meeting
871,10/28/2016 20:13,10/28/2016 22:00,Business,Asheville,Topton,91.8,Meeting
872,10/29/2016 15:22,10/29/2016 17:05,Business,Topton,Hayesville,40.7,Meeting
873,10/29/2016 17:13,10/29/2016 19:19,Business,Hayesville,Topton,75.7,Miscellaneous
874,10/30/2016 7:49,10/30/2016 8:30,Business,Topton,Bryson City,29.8,Miscellaneous
875,10/30/2016 9:07,10/30/2016 10:09,Business,Bryson City,Bryson City,16.3,Miscellaneous
876,10/30/2016 10:11,10/30/2016 10:38,Business,Bryson City,Bryson City,6.5,Miscellaneous
877,10/30/2016 10:51,10/30/2016 11:21,Business,Bryson City,Bryson City,6.3,Miscellaneous
878,10/30/2016 12:24,10/30/2016 12:35,Business,Bryson City,Almond,6.6,Miscellaneous
879,10/30/2016 12:58,10/30/2016 13:18,Business,Almond,Bryson City,15.2,Miscellaneous
880,10/30/2016 13:24,10/30/2016 14:37,Business,Bryson City,Asheville,68.4,Miscellaneous
881,10/30/2016 15:22,10/30/2016 18:23,Business,Asheville,Mebane,195.9,Miscellaneous
882,10/30/2016 18:26,10/30/2016 19:39,Business,Mebane,Cary,45.2,Miscellaneous
883,10/31/2016 18:11,10/31/2016 18:20,Business,Cary,Morrisville,3.2,Miscellaneous
884,10/31/2016 18:47,10/31/2016 19:16,Business,Morrisville,Raleigh,10.3,Miscellaneous
885,10/31/2016 20:18,10/31/2016 20:44,Business,Raleigh,Cary,13.1,Miscellaneous
886,10/31/2016 21:45,10/31/2016 22:10,Business,Savon Height,Whitebridge,9.6,Errand/Supplies
887,11/1/2016 11:50,11/1/2016 12:27,Business,Cary,Durham,16.5,Miscellaneous
888,11/1/2016 16:29,11/1/2016 17:02,Business,Durham,Cary,12.8,Miscellaneous
889,11/1/2016 17:35,11/1/2016 17:42,Business,Whitebridge,Whitebridge,1.2,Miscellaneous
890,11/1/2016 19:14,11/1/2016 19:20,Business,Whitebridge,Whitebridge,1,Miscellaneous
891,11/1/2016 19:59,11/1/2016 20:12,Business,Whitebridge,Whitebridge,4.1,Miscellaneous
892,11/1/2016 20:41,11/1/2016 20:55,Business,Whitebridge,Whitebridge,4.2,Meal/Entertain
893,11/2/2016 15:10,11/2/2016 15:18,Business,Whitebridge,Westpark Place,1.4,Miscellaneous
894,11/2/2016 15:45,11/2/2016 15:52,Business,Westpark Place,Whitebridge,1.8,Miscellaneous
895,11/2/2016 16:46,11/2/2016 17:11,Business,Cary,Morrisville,8.5,Meeting
896,11/2/2016 17:34,11/2/2016 17:49,Business,Morrisville,Morrisville,5,Miscellaneous
897,11/2/2016 17:53,11/2/2016 18:00,Business,Morrisville,Cary,3.8,Miscellaneous
898,11/3/2016 11:28,11/3/2016 11:34,Business,Whitebridge,Hazelwood,2.5,Miscellaneous
899,11/3/2016 12:43,11/3/2016 12:49,Business,Hazelwood,Whitebridge,2.4,Miscellaneous
900,11/3/2016 13:42,11/3/2016 13:47,Business,Whitebridge,Westpark Place,1.4,Miscellaneous
901,11/3/2016 14:13,11/3/2016 14:26,Business,Westpark Place,Whitebridge,1.8,Miscellaneous
902,11/3/2016 18:51,11/3/2016 19:08,Business,Cary,Morrisville,3.1,Meal/Entertain
903,11/3/2016 22:46,11/3/2016 22:58,Business,Morrisville,Cary,3.1,Customer Visit
904,11/4/2016 10:02,11/4/2016 10:18,Business,Cary,Morrisville,7.9,Temporary Site
905,11/4/2016 18:14,11/4/2016 18:21,Business,San Jose,Santa Clara,3.8,Miscellaneous
906,11/4/2016 21:04,11/4/2016 21:20,Business,Agnew,Cory,4.3,Miscellaneous
907,11/4/2016 22:12,11/4/2016 22:25,Business,Cory,Agnew,3.9,Miscellaneous
908,11/5/2016 8:34,11/5/2016 8:43,Business,Agnew,Renaissance,2.2,Miscellaneous
909,11/5/2016 17:29,11/5/2016 17:40,Business,Renaissance,Agnew,2.8,Miscellaneous
910,11/5/2016 19:20,11/5/2016 19:28,Business,Agnew,Agnew,2.2,Miscellaneous
911,11/6/2016 10:50,11/6/2016 11:04,Business,Agnew,Renaissance,2.4,Miscellaneous
912,11/6/2016 16:05,11/6/2016 16:22,Business,Renaissance,Agnew,2.8,Meeting
913,11/6/2016 16:27,11/6/2016 17:28,Business,Santa Clara,Berkeley,43.9,Customer Visit
914,11/6/2016 19:04,11/6/2016 19:12,Business,Downtown,West Berkeley,1.8,Miscellaneous
915,11/6/2016 20:06,11/6/2016 20:21,Business,West Berkeley,Central,3.3,Miscellaneous
916,11/7/2016 12:28,11/7/2016 12:57,Business,Berkeley,San Francisco,11.8,Between Offices
917,11/7/2016 19:17,11/7/2016 19:57,Business,San Francisco,Berkeley,13.2,Between Offices
918,11/8/2016 10:29,11/8/2016 10:57,Business,Berkeley,San Francisco,12.2,Between Offices
919,11/8/2016 12:16,11/8/2016 12:49,Business,San Francisco,Berkeley,11.3,Meeting
920,11/8/2016 13:41,11/8/2016 14:01,Business,Berkeley,Emeryville,3.6,Miscellaneous
921,11/8/2016 16:21,11/8/2016 16:34,Business,Emeryville,Berkeley,3,Miscellaneous
922,11/9/2016 13:08,11/9/2016 13:41,Business,Berkeley,San Francisco,11.4,Miscellaneous
923,11/9/2016 15:58,11/9/2016 16:04,Business,NOMA,Downtown,0.9,Miscellaneous
924,11/9/2016 17:31,11/9/2016 18:03,Business,Downtown,Sunnyside,6.2,Miscellaneous
925,11/9/2016 18:09,11/9/2016 18:14,Business,Sunnyside,Ingleside,0.7,Miscellaneous
926,11/9/2016 18:21,11/9/2016 18:35,Business,Ingleside,Potrero Flats,5.5,Meeting
927,11/9/2016 18:40,11/9/2016 19:17,Business,San Francisco,Oakland,12.7,Customer Visit
928,11/9/2016 20:52,11/9/2016 21:02,Business,Oakland,Berkeley,2.6,Miscellaneous
929,11/9/2016 21:56,11/9/2016 22:02,Business,Central,Central,1.1,Miscellaneous
930,11/10/2016 9:46,11/10/2016 10:15,Business,Berkeley,San Francisco,12.6,Temporary Site
931,11/10/2016 10:20,11/10/2016 10:31,Business,Tenderloin,SOMISSPO,1.2,Miscellaneous
932,11/10/2016 14:57,11/10/2016 15:07,Business,SOMISSPO,Tenderloin,1.1,Miscellaneous
933,11/10/2016 15:17,11/10/2016 15:22,Business,San Francisco,Oakland,9.9,Temporary Site
934,11/10/2016 15:30,11/10/2016 15:53,Business,Oakland,Berkeley,6,Meeting
935,11/10/2016 19:18,11/10/2016 19:21,Business,West Berkeley,Central,0.8,Miscellaneous
936,11/11/2016 9:35,11/11/2016 10:23,Business,Berkeley,Menlo Park,45.9,Customer Visit
937,11/11/2016 12:58,11/11/2016 13:13,Business,Menlo Park,Palo Alto,4,Miscellaneous
938,11/11/2016 14:20,11/11/2016 14:32,Business,Palo Alto,Menlo Park,2.5,Miscellaneous
939,11/11/2016 14:39,11/11/2016 15:46,Business,Menlo Park,Berkeley,36.6,Customer Visit
940,11/11/2016 18:30,11/11/2016 18:43,Business,Central,College Avenue,2.9,Miscellaneous
941,11/11/2016 21:08,11/11/2016 21:18,Business,College Avenue,Central,2.6,Miscellaneous
942,11/12/2016 10:32,11/12/2016 10:52,Business,Central,South,2.3,Miscellaneous
943,11/12/2016 10:55,11/12/2016 11:25,Business,South,Downtown,6.4,Miscellaneous
944,11/12/2016 13:07,11/12/2016 13:15,Business,Downtown,Central,1.4,Miscellaneous
945,11/12/2016 13:46,11/12/2016 13:50,Business,Central,West Berkeley,0.6,Miscellaneous
946,11/12/2016 14:22,11/12/2016 14:53,Business,West Berkeley,South,5.9,Meeting
947,11/12/2016 15:14,11/12/2016 15:21,Business,South,Southwest Berkeley,0.8,Miscellaneous
948,11/12/2016 15:25,11/12/2016 15:36,Business,Berkeley,Emeryville,1.3,Miscellaneous
949,11/12/2016 15:40,11/12/2016 15:59,Business,Emeryville,Berkeley,3.7,Errand/Supplies
950,11/13/2016 8:54,11/13/2016 9:02,Business,Central,Central,2.3,Miscellaneous
951,11/13/2016 9:27,11/13/2016 9:53,Business,Central,Central,2.6,Miscellaneous
952,11/13/2016 10:31,11/13/2016 10:37,Business,Central,Southside,1.9,Miscellaneous
953,11/13/2016 11:04,11/13/2016 11:16,Business,Southside,West Berkeley,2.1,Miscellaneous
954,11/13/2016 12:22,11/13/2016 12:51,Business,West Berkeley,Southside,4,Meeting
955,11/13/2016 13:05,11/13/2016 13:11,Business,Southside,South Berkeley,0.9,Miscellaneous
956,11/13/2016 13:14,11/13/2016 13:18,Business,South Berkeley,Southside,0.9,Miscellaneous
957,11/13/2016 14:35,11/13/2016 14:46,Business,Southside,Central,2.4,Miscellaneous
958,11/13/2016 15:14,11/13/2016 15:24,Business,Central,Southside,1.9,Miscellaneous
959,11/13/2016 15:47,11/13/2016 15:59,Business,Southside,Central,1.9,Miscellaneous
960,11/14/2016 11:24,11/14/2016 12:13,Business,Berkeley,Mountain View,44.6,Customer Visit
961,11/14/2016 13:40,11/14/2016 14:33,Business,Mountain View,Berkeley,43.6,Customer Visit
962,11/14/2016 15:27,11/14/2016 15:36,Business,Berkeley,Emeryville,2.5,Miscellaneous
963,11/14/2016 20:19,11/14/2016 20:30,Business,Emeryville,Berkeley,3.7,Errand/Supplies
964,11/15/2016 13:59,11/15/2016 14:06,Business,Berkeley,Oakland,5.1,Miscellaneous
965,11/15/2016 14:09,11/15/2016 14:26,Business,Oakland,San Francisco,9.7,Temporary Site
966,11/15/2016 20:44,11/15/2016 21:00,Business,San Francisco,Berkeley,11.8,Temporary Site
967,11/16/2016 20:21,11/16/2016 20:27,Business,Berkeley,El Cerrito,2.3,Temporary Site
968,11/16/2016 22:52,11/16/2016 23:02,Business,El Cerrito,Berkeley,3.1,Meal/Entertain
969,11/17/2016 10:13,11/17/2016 10:44,Business,Berkeley,Oakland,16.3,Customer Visit
970,11/18/2016 20:09,11/18/2016 20:19,Business,Cary,Morrisville,3.1,Meal/Entertain
971,11/18/2016 21:23,11/18/2016 21:34,Business,Morrisville,Cary,5.2,Meal/Entertain
972,11/18/2016 21:56,11/18/2016 22:21,Business,Krendle Woods,Whitebridge,6.1,Meeting
973,11/19/2016 13:51,11/19/2016 14:10,Business,Cary,Durham,10.3,Meeting
974,11/19/2016 14:30,11/19/2016 14:51,Business,Durham,Cary,10.5,Meeting
975,11/19/2016 16:01,11/19/2016 16:06,Business,Cary,Cary,1.5,Miscellaneous
976,11/19/2016 16:27,11/19/2016 16:41,Business,Cary,Cary,1.8,Miscellaneous
977,11/19/2016 17:41,11/19/2016 17:54,Business,Cary,Apex,5.4,Errand/Supplies
978,11/19/2016 21:14,11/19/2016 21:35,Business,Apex,Cary,5.4,Customer Visit
979,11/20/2016 10:27,11/20/2016 11:32,Business,Cary,Cary,39.2,Between Offices
980,11/20/2016 11:58,11/20/2016 12:28,Business,Cary,Cary,6.4,Customer Visit
981,11/20/2016 14:58,11/20/2016 15:07,Business,Cary,Cary,2.7,Meeting
982,11/20/2016 17:45,11/20/2016 18:37,Business,Cary,Cary,18.5,Errand/Supplies
983,11/21/2016 13:37,11/21/2016 13:49,Business,Cary,Cary,2.5,Meal/Entertain
984,11/21/2016 14:34,11/21/2016 14:44,Business,Cary,Cary,2.1,Meal/Entertain
985,11/21/2016 17:50,11/21/2016 18:04,Business,Cary,Unknown Location,6.7,Errand/Supplies
986,11/21/2016 18:18,11/21/2016 18:27,Business,Unknown Location,Morrisville,3.5,Meal/Entertain
987,11/21/2016 18:43,11/21/2016 18:51,Business,Morrisville,Cary,3.4,Errand/Supplies
988,11/22/2016 15:12,11/22/2016 15:27,Business,Cary,Cary,5.5,Meeting
989,11/22/2016 15:31,11/22/2016 15:44,Business,Cary,Cary,4.1,Meeting
990,11/22/2016 15:51,11/22/2016 16:43,Business,Cary,Cary,12.7,Customer Visit
991,11/22/2016 18:18,11/22/2016 18:28,Business,Cary,Morrisville,3,Meal/Entertain
992,11/22/2016 21:02,11/22/2016 21:14,Business,Morrisville,Cary,3.5,Customer Visit
993,11/23/2016 15:34,11/23/2016 15:50,Business,Cary,Cary,5.9,Meal/Entertain
994,11/23/2016 16:18,11/23/2016 16:29,Business,Cary,Cary,1.9,Miscellaneous
995,11/23/2016 16:49,11/23/2016 17:00,Business,Cary,Cary,3.3,Miscellaneous
996,11/23/2016 18:37,11/23/2016 18:47,Business,Cary,Cary,1.3,Miscellaneous
997,11/25/2016 11:47,11/25/2016 12:04,Business,Cary,Durham,10.3,Meeting
998,11/25/2016 13:13,11/25/2016 13:31,Business,Durham,Cary,11.1,Meeting
999,11/26/2016 15:54,11/26/2016 15:59,Business,Cary,Cary,1.4,Miscellaneous
1000,11/26/2016 17:00,11/26/2016 17:12,Business,Cary,Apex,5.1,Meeting
1001,11/26/2016 17:36,11/26/2016 17:56,Business,Apex,Holly Springs,9,Meeting
1002,11/26/2016 18:29,11/26/2016 19:04,Business,Holly Springs,Cary,13.3,Between Offices
1003,11/26/2016 19:47,11/26/2016 19:54,Business,Cary,Cary,2.5,Errand/Supplies
1004,11/27/2016 15:59,11/27/2016 16:06,Business,Cary,Morrisville,3.3,Meal/Entertain
1005,11/27/2016 18:55,11/27/2016 19:09,Business,Morrisville,Cary,2.9,Miscellaneous
1006,11/30/2016 11:03,11/30/2016 11:34,Business,Cary,Raleigh,8.5,Customer Visit
1007,11/30/2016 11:53,11/30/2016 12:35,Business,Raleigh,Morrisville,6.7,Temporary Site
1008,11/30/2016 12:43,11/30/2016 12:53,Business,Morrisville,Cary,3.1,Miscellaneous
1009,12/1/2016 7:44,12/1/2016 7:59,Business,Cary,Cary,5.5,Meeting
1010,12/1/2016 8:37,12/1/2016 8:53,Business,Cary,Cary,5.5,Errand/Supplies
1011,12/1/2016 18:00,12/1/2016 18:12,Business,Cary,Morrisville,2.9,Meal/Entertain
1012,12/1/2016 20:36,12/1/2016 20:46,Business,Morrisville,Cary,2.9,Customer Visit
1013,12/2/2016 12:12,12/2/2016 12:23,Business,Cary,Apex,5.1,Meal/Entertain
1014,12/2/2016 13:07,12/2/2016 13:22,Business,Apex,Cary,5.3,Customer Visit
1015,12/2/2016 20:41,12/2/2016 20:48,Business,Cary,Morrisville,3.3,Meal/Entertain
1016,12/2/2016 22:59,12/2/2016 23:07,Business,Morrisville,Cary,3,Customer Visit
1017,12/3/2016 18:35,12/3/2016 18:56,Business,Cary,Wake Co.,6.6,Errand/Supplies
1018,12/3/2016 19:08,12/3/2016 19:15,Business,Wake Co.,Morrisville,1.8,Miscellaneous
1019,12/3/2016 20:31,12/3/2016 20:41,Business,Morrisville,Cary,3,Customer Visit
1020,12/4/2016 18:56,12/4/2016 19:03,Business,Cary,Morrisville,2.9,Meal/Entertain
1021,12/4/2016 20:23,12/4/2016 20:34,Business,Morrisville,Cary,3.4,Customer Visit
1022,12/5/2016 18:04,12/5/2016 18:17,Business,Cary,Cary,4.1,Miscellaneous
1023,12/5/2016 19:22,12/5/2016 19:37,Business,Cary,Cary,3.8,Meal/Entertain
1024,12/7/2016 12:03,12/7/2016 12:32,Business,Cary,Cary,6.6,Meeting
1025,12/7/2016 12:35,12/7/2016 12:46,Business,Cary,Cary,4,Meeting
1026,12/7/2016 19:53,12/7/2016 20:13,Business,Cary,Cary,7,Customer Visit
1027,12/7/2016 21:13,12/7/2016 21:50,Business,Cary,Cary,6.9,Meal/Entertain
1028,12/8/2016 14:19,12/8/2016 14:32,Business,Cary,Cary,3.4,Errand/Supplies
1029,12/8/2016 14:53,12/8/2016 15:02,Business,Cary,Cary,3.4,Errand/Supplies
1030,12/8/2016 19:22,12/8/2016 19:27,Business,Cary,Cary,2,Meeting
1031,12/8/2016 21:26,12/8/2016 21:31,Business,Cary,Cary,2,Errand/Supplies
1032,12/9/2016 12:09,12/9/2016 12:24,Business,Cary,Apex,5.1,Errand/Supplies
1033,12/9/2016 13:15,12/9/2016 13:43,Business,Apex,Cary,8.8,Temporary Site
1034,12/9/2016 20:11,12/9/2016 20:34,Business,Cary,Cary,5.6,Meeting
1035,12/9/2016 22:03,12/9/2016 22:57,Business,Cary,Cary,18.9,Customer Visit
1036,12/10/2016 12:43,12/10/2016 13:16,Business,Cary,Fuquay-Varina,15.6,Meeting
1037,12/10/2016 14:42,12/10/2016 15:18,Business,Fuquay-Varina,Cary,15.6,Errand/Supplies
1038,12/10/2016 18:17,12/10/2016 18:27,Business,Cary,Morrisville,3,Meal/Entertain
1039,12/10/2016 22:09,12/10/2016 22:21,Business,Morrisville,Cary,3.1,Customer Visit
1040,12/11/2016 16:06,12/11/2016 16:16,Business,Cary,Morrisville,3,Meal/Entertain
1041,12/11/2016 19:05,12/11/2016 19:15,Business,Morrisville,Cary,4.8,Errand/Supplies
1042,12/11/2016 21:48,12/11/2016 21:56,Business,Cary,Cary,2.1,Errand/Supplies
1043,12/12/2016 13:22,12/12/2016 13:32,Business,Cary,Cary,3.1,Errand/Supplies
1044,12/12/2016 13:36,12/12/2016 13:51,Business,Cary,Apex,4.4,Meal/Entertain
1045,12/12/2016 14:26,12/12/2016 14:39,Business,Apex,Cary,4.7,Customer Visit
1046,12/12/2016 17:51,12/12/2016 18:01,Business,Cary,Morrisville,3,Meal/Entertain
1047,12/12/2016 20:48,12/12/2016 20:57,Business,Morrisville,Cary,3,Customer Visit
1048,12/13/2016 18:19,12/13/2016 18:29,Business,Cary,Cary,4.2,Errand/Supplies
1049,12/13/2016 20:20,12/13/2016 20:29,Business,Cary,Cary,4.1,Meal/Entertain
1050,12/14/2016 16:52,12/14/2016 17:10,Business,Cary,Cary,3.4,Miscellaneous
1051,12/14/2016 17:22,12/14/2016 17:34,Business,Cary,Cary,3.3,Miscellaneous
1052,12/14/2016 17:50,12/14/2016 18:00,Business,Cary,Morrisville,3,Meal/Entertain
1053,12/14/2016 20:24,12/14/2016 20:40,Business,Morrisville,Cary,3.1,Customer Visit
1054,12/15/2016 14:20,12/15/2016 14:54,Business,Cary,Morrisville,10.6,Meeting
1055,12/17/2016 15:38,12/17/2016 16:12,Business,Unknown Location,Unknown Location,4.8,Airport/Travel
1056,12/17/2016 17:19,12/17/2016 17:59,Business,Unknown Location,Unknown Location,5.3,Temporary Site
1057,12/18/2016 13:03,12/18/2016 13:41,Business,Unknown Location,Unknown Location,4.9,Errand/Supplies
1058,12/18/2016 16:38,12/18/2016 17:25,Business,Unknown Location,Unknown Location,10.2,Errand/Supplies
1059,12/18/2016 20:35,12/18/2016 21:04,Business,Unknown Location,Unknown Location,9.2,Miscellaneous
1060,12/19/2016 9:08,12/19/2016 9:36,Business,Unknown Location,Islamabad,7.7,Errand/Supplies
1061,12/19/2016 10:15,12/19/2016 10:34,Business,Islamabad,Rawalpindi,5.9,Temporary Site
1062,12/19/2016 13:04,12/19/2016 13:08,Business,Rawalpindi,Unknown Location,0.7,Errand/Supplies
1063,12/19/2016 13:24,12/19/2016 13:35,Business,Unknown Location,Unknown Location,1.3,Miscellaneous
1064,12/19/2016 14:07,12/19/2016 14:15,Business,Unknown Location,Unknown Location,2.5,Miscellaneous
1065,12/19/2016 14:18,12/19/2016 14:32,Business,Unknown Location,Unknown Location,5.3,Miscellaneous
1066,12/19/2016 14:37,12/19/2016 14:50,Business,Unknown Location,Unknown Location,5.4,Miscellaneous
1067,12/19/2016 15:09,12/19/2016 15:38,Business,Unknown Location,Rawalpindi,10.2,Customer Visit
1068,12/19/2016 16:50,12/19/2016 17:09,Business,Rawalpindi,Islamabad,7.2,Customer Visit
1069,12/19/2016 19:05,12/19/2016 19:17,Business,Islamabad,Unknown Location,2.2,Miscellaneous
1070,12/19/2016 19:55,12/19/2016 20:30,Business,Unknown Location,Unknown Location,11,Meeting
1071,12/20/2016 8:49,12/20/2016 9:24,Business,Unknown Location,Rawalpindi,12,Miscellaneous
1072,12/20/2016 10:30,12/20/2016 10:48,Business,Rawalpindi,Rawalpindi,3.3,Errand/Supplies
1073,12/20/2016 11:30,12/20/2016 12:17,Business,Rawalpindi,Unknown Location,19.4,Meeting
1074,12/20/2016 13:14,12/20/2016 13:20,Business,Unknown Location,Unknown Location,1.7,Errand/Supplies
1075,12/20/2016 13:54,12/20/2016 14:17,Business,Unknown Location,Islamabad,5.7,Temporary Site
1076,12/20/2016 16:14,12/20/2016 16:24,Business,Islamabad,Islamabad,1.8,Errand/Supplies
1077,12/20/2016 16:56,12/20/2016 17:07,Business,Islamabad,Islamabad,1.4,Errand/Supplies
1078,12/20/2016 18:47,12/20/2016 19:21,Business,Islamabad,Unknown Location,10.3,Customer Visit
1079,12/21/2016 7:42,12/21/2016 8:10,Business,Unknown Location,Unknown Location,11.5,Meeting
1080,12/21/2016 10:14,12/21/2016 10:30,Business,Unknown Location,Islamabad,4.9,Errand/Supplies
1081,12/21/2016 11:35,12/21/2016 11:49,Business,Islamabad,Unknown Location,3.5,Meal/Entertain
1082,12/21/2016 12:51,12/21/2016 13:33,Business,Unknown Location,Unknown Location,16.2,Meeting
1083,12/21/2016 15:38,12/21/2016 15:49,Business,Unknown Location,Unknown Location,2,Errand/Supplies
1084,12/21/2016 15:55,12/21/2016 16:05,Business,Unknown Location,Islamabad,2.1,Errand/Supplies
1085,12/21/2016 17:45,12/21/2016 17:54,Business,Islamabad,Islamabad,2.1,Meeting
1086,12/21/2016 17:59,12/21/2016 18:31,Business,Islamabad,Unknown Location,7.2,Customer Visit
1087,12/21/2016 19:49,12/21/2016 20:35,Business,Unknown Location,Rawalpindi,12,Meeting
1088,12/21/2016 20:56,12/21/2016 23:42,Business,Rawalpindi,Unknown Location,103,Meeting
1089,12/22/2016 15:40,12/22/2016 16:38,Business,Unknown Location,Unknown Location,32.3,Meeting
1090,12/22/2016 17:04,12/22/2016 17:20,Business,Unknown Location,Unknown Location,5.3,Customer Visit
1091,12/22/2016 17:27,12/22/2016 17:53,Business,Unknown Location,Unknown Location,11.6,Meeting
1092,12/22/2016 17:56,12/22/2016 18:29,Business,Unknown Location,Unknown Location,23.2,Meeting
1093,12/22/2016 18:31,12/22/2016 18:37,Business,Unknown Location,Unknown Location,3.2,Errand/Supplies
1094,12/22/2016 18:38,12/22/2016 18:47,Business,Unknown Location,Unknown Location,12.3,Temporary Site
1095,12/22/2016 19:04,12/22/2016 19:50,Business,Unknown Location,Lahore,14,Meeting
1096,12/22/2016 21:41,12/22/2016 21:53,Business,Lahore,Lahore,2.1,Meal/Entertain
1097,12/22/2016 23:27,12/22/2016 23:32,Business,Lahore,Lahore,2.1,Customer Visit
1098,12/23/2016 9:21,12/23/2016 9:41,Business,Lahore,Lahore,3,Meeting
1099,12/23/2016 11:33,12/23/2016 11:58,Business,Lahore,Unknown Location,6.2,Meeting
1100,12/23/2016 14:15,12/23/2016 15:25,Business,Unknown Location,Unknown Location,9.6,Meeting
1101,12/23/2016 16:23,12/23/2016 16:34,Business,Unknown Location,Unknown Location,1.3,Errand/Supplies
1102,12/23/2016 17:34,12/23/2016 18:27,Business,Unknown Location,Lahore,7.1,Meal/Entertain
1103,12/24/2016 7:43,12/24/2016 8:04,Business,Lahore,Unknown Location,6.3,Meal/Entertain
1104,12/24/2016 9:19,12/24/2016 9:55,Business,Unknown Location,Lahore,10.7,Meal/Entertain
1105,12/24/2016 10:34,12/24/2016 10:53,Business,Lahore,Lahore,5.3,Meal/Entertain
1106,12/24/2016 12:51,12/24/2016 12:53,Business,Lahore,Lahore,1.6,Errand/Supplies
1107,12/24/2016 13:08,12/24/2016 13:29,Business,Lahore,Lahore,3.6,Errand/Supplies
1108,12/24/2016 17:12,12/24/2016 17:27,Business,Lahore,Lahore,1.7,Errand/Supplies
1109,12/24/2016 19:12,12/24/2016 19:27,Business,Lahore,Lahore,2.9,Meal/Entertain
1110,12/24/2016 22:04,12/24/2016 22:09,Business,Lahore,Lahore,0.6,Errand/Supplies
1111,12/25/2016 0:10,12/25/2016 0:14,Business,Lahore,Lahore,0.6,Errand/Supplies
1112,12/25/2016 19:15,12/25/2016 19:26,Business,Lahore,Lahore,2.3,Meal/Entertain
1113,12/25/2016 21:58,12/25/2016 22:04,Business,Lahore,Lahore,2.3,Meal/Entertain
1114,12/26/2016 8:30,12/26/2016 8:41,Business,Lahore,Lahore,3.2,Meal/Entertain
1115,12/26/2016 9:05,12/26/2016 9:19,Business,Lahore,Lahore,6.2,Customer Visit
1116,12/26/2016 10:15,12/26/2016 10:36,Business,Lahore,Lahore,7.7,Customer Visit
1117,12/26/2016 11:29,12/26/2016 11:42,Business,Lahore,Lahore,3.8,Customer Visit
1118,12/26/2016 13:09,12/26/2016 13:43,Business,Lahore,Unknown Location,7.9,Meeting
1119,12/27/2016 7:02,12/27/2016 7:14,Business,Karachi,Karachi,4.9,Temporary Site
1120,12/27/2016 8:37,12/27/2016 8:59,Business,Karachi,Karachi,5,Meal/Entertain
1121,12/27/2016 12:53,12/27/2016 12:57,Business,Karachi,Karachi,0.6,Meal/Entertain
1122,12/27/2016 14:49,12/27/2016 15:03,Business,Karachi,Unknown Location,3.1,Customer Visit
1123,12/27/2016 16:34,12/27/2016 16:58,Business,Unknown Location,Karachi,7.9,Meeting
1124,12/27/2016 19:19,12/27/2016 19:50,Business,Karachi,Karachi,5.5,Customer Visit
1125,12/28/2016 8:34,12/28/2016 9:06,Business,Karachi,Unknown Location,10.3,Meal/Entertain
1126,12/28/2016 11:42,12/28/2016 12:12,Business,Unknown Location,Karachi,10.4,Errand/Supplies
1127,12/28/2016 13:53,12/28/2016 14:01,Business,Karachi,Karachi,2,Errand/Supplies
1128,12/28/2016 15:04,12/28/2016 15:39,Business,Karachi,Unknown Location,8.5,Meal/Entertain
1129,12/28/2016 17:02,12/28/2016 17:16,Business,Unknown Location,Karachi,4.4,Errand/Supplies
1130,12/28/2016 18:33,12/28/2016 18:56,Business,Karachi,Karachi,3.8,Errand/Supplies
1131,12/28/2016 22:44,12/28/2016 23:18,Business,Karachi,Karachi,5.1,Errand/Supplies
1132,12/29/2016 0:49,12/29/2016 1:06,Business,Karachi,Karachi,3.8,Errand/Supplies
1133,12/29/2016 9:44,12/29/2016 10:07,Business,Karachi,Unknown Location,11.6,Meal/Entertain
1134,12/29/2016 11:28,12/29/2016 12:00,Business,Unknown Location,Karachi,11.9,Meal/Entertain
1135,12/29/2016 12:25,12/29/2016 12:33,Business,Karachi,Karachi,1.4,Errand/Supplies
1136,12/29/2016 13:17,12/29/2016 13:24,Business,Karachi,Karachi,1.1,Errand/Supplies
1137,12/29/2016 13:56,12/29/2016 14:11,Business,Karachi,Karachi,4.1,Airport/Travel
1138,12/29/2016 14:42,12/29/2016 14:58,Business,Karachi,Karachi,6.1,Between Offices
1139,12/29/2016 15:05,12/29/2016 15:16,Business,Karachi,Karachi,1.3,Errand/Supplies
1140,12/29/2016 18:59,12/29/2016 19:14,Business,Karachi,Unknown Location,3,Meal/Entertain
1141,12/29/2016 19:50,12/29/2016 20:10,Business,Unknown Location,Karachi,4.1,Customer Visit
1142,12/29/2016 20:15,12/29/2016 20:45,Business,Karachi,Karachi,7.2,Meeting
1143,12/29/2016 20:53,12/29/2016 21:42,Business,Karachi,Unknown Location,6.4,Miscellaneous
1144,12/29/2016 23:14,12/29/2016 23:47,Business,Unknown Location,Karachi,12.9,Meeting
1145,12/30/2016 10:15,12/30/2016 10:33,Business,Karachi,Karachi,2.8,Errand/Supplies
1146,12/30/2016 11:31,12/30/2016 11:56,Business,Karachi,Karachi,2.9,Errand/Supplies
1147,12/30/2016 15:41,12/30/2016 16:03,Business,Karachi,Karachi,4.6,Errand/Supplies
1148,12/30/2016 16:45,12/30/2016 17:08,Business,Karachi,Karachi,4.6,Meeting
1149,12/30/2016 23:06,12/30/2016 23:10,Business,Karachi,Karachi,0.8,Customer Visit
1150,12/31/2016 1:07,12/31/2016 1:14,Business,Karachi,Karachi,0.7,Meeting
1151,12/31/2016 13:24,12/31/2016 13:42,Business,Karachi,Unknown Location,3.9,Temporary Site
1152,12/31/2016 15:03,12/31/2016 15:38,Business,Unknown Location,Unknown Location,16.2,Meeting
1153,12/31/2016 21:32,12/31/2016 21:50,Business,Katunayake,Gampaha,6.4,Temporary Site
1154,12/31/2016 22:08,12/31/2016 23:51,Business,Gampaha,Ilukwatta,48.2,Temporary Site
